1,4,5,85,4,2,20,45,-24,90,1,1,7,6,5,43,45,44.2,44,2,2,2.0,2,2,0,0,3
2,3,5,81,9,2,20,44,-23,86,0,0,7,7,5,42,44,43.2,43,2,2,2.0,2,2,0,1,1
3,5,5,71,9,2,20,44,-23,76,0,0,7,7,5,42,44,43.2,43,2,2,2.0,2,2,0,3,1
4,7,5,69,17,2,20,44,-23,74,1,1,7,6,5,40,44,41.6,41,2,2,2.0,2,2,0,3,3
5,5,5,63,21,2,20,42,-21,68,0,0,7,7,5,39,42,40.8,41,2,2,2.0,2,2,0,5,1
6,7,5,55,23,2,20,42,-21,60,1,1,7,6,5,39,42,40.4,40,2,2,2.0,2,2,0,5,3
7,4,5,51,31,2,20,39,-17,56,0,0,7,7,5,37,40,38.8,39,2,2,2.0,2,2,0,5,1
8,6,5,41,31,2,20,39,-17,46,0,0,7,7,5,37,40,38.8,39,2,2,2.0,2,2,0,9,1
9,8,5,37,38,2,20,39,-17,42,1,1,7,6,5,36,39,37.4,37,2,2,2.0,2,2,0,9,3
10,5,5,31,44,2,20,36,-13,36,0,0,7,7,5,35,37,36.2,36,2,2,2.0,2,2,0,9,1
11,7,5,23,47,2,20,36,-13,28,0,0,7,7,5,34,37,35.6,36,2,2,2.0,2,2,0,9,1
12,9,5,17,51,2,20,36,-13,22,0,0,7,7,5,33,36,34.8,35,2,2,2.0,2,2,0,13,1
13,11,5,11,56,2,20,36,-13,16,0,0,7,7,5,33,36,33.8,33,2,2,2.0,2,2,0,13,1
14,13,5,3,58,2,20,36,-13,8,0,0,7,7,5,32,36,33.4,33,2,2,2.0,2,2,0,13,1
15,15,5,53,4,2,20,36,-13,58,0,0,7,7,5,29,36,32.6,33,2,2,2.0,2,2,0,15,1
16,17,5,47,8,2,19,36,-13,52,3,3,7,6,5,28,36,31.8,33,2,3,2.2,2,2,0,15,3
17,13,5,41,18,2,19,32,-6,46,1,1,6,5,5,27,33,29.8,29,2,3,2.2,2,1,1,22,3
18,12,5,33,19,2,19,31,-5,38,0,0,6,6,5,27,33,29.6,29,2,3,2.2,2,1,1,22,1
19,14,5,25,22,2,19,31,-5,30,0,0,6,6,5,26,33,29.0,28,2,3,2.2,2,1,1,22,1
20,16,5,17,26,2,19,31,-5,22,0,0,6,6,5,23,33,28.2,28,2,3,2.2,2,1,1,22,1
21,18,5,9,26,2,18,31,-5,14,0,0,6,6,5,23,33,28.2,28,2,3,2.4,2,1,1,22,1
22,20,5,3,33,2,18,31,-5,8,1,1,6,6,5,22,31,26.8,27,2,3,2.4,2,1,1,22,3
23,14,5,44,0,2,18,25,10,49,0,0,6,6,5,21,28,24.4,25,2,3,2.4,2,1,1,22,1
24,16,5,40,8,2,17,25,10,45,0,0,6,6,5,19,27,22.8,22,2,3,2.6,3,1,1,22,1
25,18,5,36,17,2,17,25,10,41,0,0,6,6,5,17,25,21.0,22,2,3,2.6,3,1,1,37,1
26,20,5,28,17,2,16,25,10,33,1,1,6,5,5,17,25,21.0,22,2,4,2.8,3,1,1,37,3
27,14,5,26,27,2,15,19,73,31,0,0,6,6,5,15,22,19.0,19,2,4,3.0,3,1,1,37,2
28,14,5,24,34,3,14,19,60,29,1,1,7,6,5,15,19,17.6,18,2,4,3.2,3,1,1,37,3
29,11,5,20,39,3,13,16,90,25,0,0,7,7,5,15,19,16.6,16,3,4,3.4,3,0,2,47,2
30,11,5,14,42,4,12,16,73,19,2,2,10,8,5,14,19,16.0,16,3,4,3.6,4,1,2,47,3
31,9,5,10,44,4,10,14,75,15,0,0,10,10,5,14,19,15.6,15,4,4,4.0,4,0,3,51,1
32,11,5,4,47,4,9,14,75,9,0,0,10,10,5,12,19,15.0,14,4,5,4.2,4,1,3,51,1
33,13,5,53,4,4,9,14,75,58,2,2,10,9,5,10,15,13.0,14,4,5,4.2,4,1,3,51,3
34,10,5,49,9,4,8,11,79,54,0,0,10,10,5,10,15,12.0,12,4,5,4.4,4,1,3,58,1
35,12,5,39,9,4,8,11,79,44,0,0,10,10,5,10,15,12.0,12,4,5,4.4,4,1,3,58,1
36,14,5,31,12,4,8,11,79,36,0,0,10,10,5,9,15,11.4,11,4,5,4.4,4,1,3,58,1
37,16,5,21,12,4,8,11,79,26,0,0,10,10,5,9,15,11.4,11,4,5,4.4,4,1,3,58,1
38,18,5,11,12,4,8,11,79,16,0,0,10,10,5,9,15,11.4,11,4,5,4.4,4,1,3,58,1
39,20,5,5,21,4,8,11,79,10,1,1,10,10,5,5,15,9.6,9,4,5,4.4,4,1,3,58,3
40,14,5,32,0,4,8,5,94,37,0,0,10,10,5,5,9,7.2,8,4,5,4.4,4,0,4,68,1
41,16,5,22,0,4,8,5,94,27,0,0,10,10,5,5,9,7.2,8,4,5,4.4,4,0,4,68,1
42,18,5,12,0,4,8,5,94,17,1,1,10,9,5,5,9,7.2,8,4,5,4.4,4,0,4,68,3
43,14,5,4,4,4,8,1,135,9,0,0,0,0,5,1,9,6.4,8,4,5,4.4,4,0,4,68,1
1,4,5,85,5,2,20,45,-27,90,4,4,8,4,5,43,45,44.0,44,2,2,2.0,2,2,0,0,3
2,2,5,81,10,2,20,43,-25,86,0,0,8,8,5,41,45,43.0,43,2,2,2.0,2,2,0,2,1
3,4,5,75,13,2,20,43,-25,80,1,1,8,7,5,41,43,42.4,43,2,2,2.0,2,2,0,4,3
4,2,5,69,17,2,20,41,-23,74,0,0,8,8,5,41,43,41.6,41,2,2,2.0,2,2,0,4,1
5,4,5,63,21,2,20,41,-23,68,0,0,8,8,5,40,41,40.8,41,2,2,2.0,2,2,0,4,1
6,6,5,55,24,2,20,41,-23,60,3,3,8,5,5,38,41,40.2,41,2,2,2.0,2,2,0,4,3
7,4,5,49,28,2,20,39,-21,54,0,0,8,8,5,38,41,39.4,39,2,2,2.0,2,1,1,8,1
8,6,5,41,30,2,20,39,-21,46,0,0,8,8,5,38,41,39.0,39,2,2,2.0,2,1,1,8,1
9,8,5,33,32,2,20,39,-21,38,0,0,8,8,5,38,39,38.6,39,2,2,2.0,2,1,1,8,1
10,10,5,27,37,2,20,39,-21,32,2,2,8,6,5,35,39,37.6,38,2,2,2.0,2,1,1,8,3
11,7,5,21,43,2,20,36,-17,26,1,1,8,7,5,35,39,36.4,36,2,2,2.0,2,1,1,8,3
12,4,5,15,52,2,20,33,-13,20,0,0,8,8,5,33,37,34.6,35,2,2,2.0,2,1,1,12,1
13,6,5,5,52,2,20,33,-13,10,0,0,8,8,5,33,37,34.6,35,2,2,2.0,2,1,1,12,1
14,8,5,52,0,2,20,33,-13,57,0,0,8,8,5,30,37,34.0,35,2,2,2.0,2,1,1,12,1
15,10,5,44,6,2,20,33,-13,49,0,0,8,8,5,30,35,32.8,33,2,2,2.0,2,1,1,12,1
16,12,5,36,12,2,20,33,-13,41,2,2,8,6,5,29,35,31.6,31,2,2,2.0,2,1,1,12,3
17,9,5,30,19,2,20,30,-9,35,0,0,8,8,5,29,31,30.2,30,2,2,2.0,2,1,1,27,1
18,11,5,20,19,2,20,30,-9,25,0,0,8,8,5,29,31,30.2,30,2,2,2.0,2,1,1,27,1
19,13,5,14,28,2,20,30,-9,19,0,0,8,8,5,25,31,28.4,29,2,2,2.0,2,1,1,27,1
20,15,5,6,32,2,20,30,-9,11,1,1,8,7,5,25,31,27.6,27,2,2,2.0,2,1,1,27,3
21,10,5,2,41,2,19,25,23,7,0,0,8,8,5,25,27,25.8,25,2,3,2.2,2,0,2,34,1
22,12,5,39,4,2,18,25,23,44,1,1,8,7,5,23,27,25.0,25,2,3,2.4,2,1,2,34,3
23,9,5,33,8,2,18,22,59,38,0,0,8,8,5,22,26,24.2,25,2,3,2.4,2,1,2,36,2
24,9,5,27,10,3,17,22,38,32,0,0,10,10,5,22,25,23.8,24,2,3,2.6,3,1,2,36,1
25,11,5,21,18,3,17,22,38,26,0,0,10,10,5,19,25,22.2,22,2,3,2.6,3,1,2,36,1
26,13,5,13,18,3,16,22,38,18,2,2,10,8,5,19,25,22.2,22,2,4,2.8,3,1,2,36,3
27,11,5,9,29,3,16,20,40,14,0,0,10,10,5,17,22,20.0,20,2,4,2.8,3,1,2,36,1
28,13,5,28,0,3,16,20,40,33,0,0,10,10,5,17,22,20.0,20,2,4,2.8,3,1,2,51,1
29,15,5,20,3,3,16,20,40,25,0,0,10,10,5,17,22,19.4,19,2,4,2.8,3,1,2,51,1
30,17,5,16,12,3,15,20,40,21,1,1,10,9,5,14,20,17.6,18,2,4,3.0,3,1,2,51,3
31,14,5,14,23,3,14,17,86,19,0,0,10,10,5,11,18,15.4,17,2,5,3.2,3,1,2,51,2
32,14,5,10,26,4,12,17,64,15,1,1,11,10,5,11,17,14.8,15,2,5,3.6,4,1,2,66,3
33,13,5,4,29,4,12,16,109,9,0,0,11,11,5,11,16,14.2,15,2,5,3.6,4,1,2,66,2
34,13,5,31,0,5,11,16,100,36,3,3,14,11,5,11,16,13.4,14,2,5,3.8,4,1,2,66,3
35,12,5,25,1,5,10,15,101,30,2,2,14,12,5,11,15,13.2,14,2,6,4.0,4,1,2,66,3
36,10,5,17,3,5,10,13,103,22,0,0,14,14,5,11,15,12.8,13,2,6,4.0,4,1,2,66,1
37,12,5,9,8,5,10,13,103,14,1,1,14,13,5,9,15,11.8,11,2,6,4.0,4,1,2,66,3
38,9,5,5,14,5,9,10,125,10,0,0,14,14,5,8,15,10.6,10,3,6,4.2,4,1,2,66,2
39,9,5,5,26,6,7,10,112,10,1,1,15,14,5,5,11,8.2,8,3,7,4.6,4,1,2,66,3
40,8,5,1,31,6,7,9,139,6,0,0,15,15,5,5,11,7.2,6,3,7,4.6,4,1,2,81,1
41,10,5,26,4,6,7,9,139,31,0,0,15,15,5,3,11,6.4,5,3,7,4.6,4,1,2,81,1
42,12,5,20,9,6,7,9,139,25,0,0,15,15,5,0,11,5.4,5,3,7,4.6,4,1,2,81,1
1,4,5,85,1,2,20,45,-34,90,0,0,12,12,5,44,45,44.8,45,2,2,2.0,2,2,0,0,1
2,6,5,81,5,2,20,45,-34,86,4,4,12,8,5,43,45,44.0,44,2,2,2.0,2,2,0,1,3
3,4,5,77,11,2,20,43,-32,82,0,0,11,11,5,41,44,42.8,43,2,2,2.0,2,2,0,1,1
4,6,5,71,15,2,20,43,-32,76,3,3,11,8,5,41,43,42.0,42,2,2,2.0,2,2,0,1,3
5,4,5,65,19,2,20,41,-30,70,1,1,9,8,5,40,42,41.2,41,2,2,2.0,2,2,0,3,3
6,3,5,61,24,2,20,40,-29,66,0,0,9,9,5,40,41,40.2,40,2,2,2.0,2,2,0,3,1
7,5,5,55,28,2,20,40,-29,60,2,2,9,7,5,38,40,39.4,40,2,2,2.0,2,2,0,5,3
8,3,5,51,35,2,20,38,-27,56,0,0,9,9,5,37,39,38.0,38,2,2,2.0,2,2,0,5,1
9,5,5,43,37,2,20,38,-27,48,0,0,9,9,5,36,39,37.6,38,2,2,2.0,2,1,1,7,1
10,7,5,35,39,2,20,38,-27,40,0,0,9,9,5,36,38,37.2,37,2,2,2.0,2,1,1,7,1
11,9,5,25,39,2,20,38,-27,30,1,1,9,8,5,36,38,37.2,37,2,2,2.0,2,1,1,7,3
12,6,5,19,45,2,20,35,-23,24,0,0,9,9,5,34,38,36.0,36,2,2,2.0,2,1,1,7,1
13,8,5,9,45,2,20,35,-23,14,1,1,9,8,5,34,38,36.0,36,2,2,2.0,2,1,1,7,3
14,6,5,3,51,2,20,33,-21,8,0,0,9,9,5,33,37,34.8,34,2,2,2.0,2,1,1,7,1
15,8,5,48,3,2,19,33,-21,53,0,0,9,9,5,33,37,34.2,34,2,3,2.2,2,0,2,14,1
16,10,5,42,9,2,19,33,-21,47,0,0,9,9,5,32,34,33.0,33,2,3,2.2,2,1,2,14,1
17,12,5,38,16,2,18,33,-21,43,1,1,9,8,5,29,33,31.6,33,2,3,2.4,2,1,2,16,3
18,8,5,34,25,2,18,29,12,39,0,0,9,9,5,29,32,29.8,29,2,3,2.4,2,1,2,20,1
19,10,5,28,29,2,18,29,12,33,0,0,9,9,5,27,30,29.0,29,2,3,2.4,2,1,2,20,1
20,12,5,20,31,2,18,29,12,25,0,0,9,9,5,27,30,28.6,29,2,3,2.4,2,0,3,22,1
21,14,5,12,31,2,17,29,12,17,0,0,9,9,5,27,30,28.6,29,2,4,2.6,2,0,3,22,1
22,16,5,6,39,2,17,29,12,11,0,0,9,9,5,24,30,27.0,27,2,4,2.6,2,1,3,22,1
23,18,5,35,0,2,17,29,12,40,2,2,9,9,5,24,30,27.0,27,2,4,2.6,2,0,4,24,3
24,12,5,31,10,2,16,23,27,36,0,0,9,9,5,23,27,25.0,25,2,5,2.8,2,0,4,24,1
25,14,5,25,16,2,15,23,27,30,0,0,9,9,5,21,26,23.8,24,2,5,3.0,2,1,4,24,1
26,16,5,15,16,2,15,23,27,20,1,1,9,8,5,21,26,23.8,24,2,5,3.0,2,1,4,24,3
27,12,5,9,23,2,15,19,34,14,0,0,9,9,5,19,25,22.4,23,2,5,3.0,2,1,4,24,1
28,14,5,1,27,2,15,19,34,6,0,0,9,9,5,17,25,21.6,23,2,5,3.0,2,1,4,24,1
29,16,5,22,6,2,14,19,34,27,0,0,9,9,5,17,24,20.4,19,2,5,3.2,3,1,4,24,1
30,18,5,16,13,2,14,19,34,21,0,0,9,9,5,15,23,19.0,19,2,5,3.2,3,1,4,39,1
31,20,5,10,15,2,13,19,34,15,1,1,9,8,5,13,23,18.6,19,2,5,3.4,3,1,4,39,3
32,14,5,6,26,2,13,13,91,11,0,0,9,9,5,13,20,16.4,17,2,5,3.4,3,1,4,39,2
33,14,5,4,28,3,10,13,71,9,0,0,10,10,5,11,20,16.0,17,3,5,4.0,4,1,4,39,1
34,16,5,29,0,3,10,13,71,34,0,0,10,10,5,11,19,15.4,16,3,5,4.0,4,1,4,39,1
35,18,5,25,5,3,9,13,71,30,1,1,10,9,5,11,19,14.4,14,3,5,4.2,4,1,4,39,3
36,13,5,23,19,3,8,8,121,28,0,0,10,10,5,8,15,11.6,11,3,6,4.4,4,1,4,39,2
37,13,5,21,22,4,5,8,132,26,0,0,10,10,5,8,13,11.0,11,4,6,5.0,5,0,5,54,2
38,13,5,17,26,5,4,8,115,22,0,0,11,11,5,8,12,10.2,11,4,6,5.2,5,1,5,54,1
39,15,5,11,32,5,3,8,115,16,0,0,11,11,5,5,12,9.0,8,4,6,5.4,6,1,5,55,1
40,17,5,3,33,5,3,8,115,8,0,0,11,11,5,5,12,8.8,8,4,6,5.4,6,1,5,55,1
41,19,5,31,0,5,3,8,115,36,3,3,14,11,5,5,12,8.2,8,4,6,5.4,6,1,5,55,3
42,17,5,25,5,5,3,6,117,30,1,1,14,13,5,4,12,7.2,6,4,6,5.4,6,1,5,55,3
43,14,5,21,16,5,3,3,121,26,0,0,14,14,5,1,9,5.0,4,4,6,5.4,6,1,5,55,1
1,4,5,83,2,2,20,45,-20,88,5,5,7,2,5,44,45,44.6,45,2,2,2.0,2,2,0,0,3
2,2,5,79,7,2,20,43,-18,84,3,3,7,4,5,43,44,43.6,44,2,2,2.0,2,2,0,1,3
3,0,5,75,13,2,20,41,-16,80,0,0,7,7,5,41,44,42.4,42,2,2,2.0,2,2,0,1,1
4,2,5,69,17,2,20,41,-16,74,0,0,7,7,5,41,42,41.6,42,2,2,2.0,2,2,0,3,1
5,4,5,65,22,2,20,41,-16,70,0,0,7,7,5,40,42,40.6,40,2,2,2.0,2,2,0,3,1
6,6,5,57,24,2,20,41,-16,62,1,1,7,6,5,40,41,40.2,40,2,2,2.0,2,1,1,5,3
7,4,5,55,33,2,20,39,-14,60,0,0,7,7,5,37,40,38.4,38,2,2,2.0,2,1,1,5,1
8,6,5,47,35,2,20,39,-14,52,0,0,7,7,5,37,39,38.0,38,2,2,2.0,2,1,1,9,1
9,8,5,39,37,2,20,39,-14,44,2,2,7,5,5,36,39,37.6,38,2,2,2.0,2,1,1,9,3
10,6,5,31,39,2,20,37,-12,36,0,0,7,7,5,36,38,37.2,37,2,2,2.0,2,1,1,9,1
11,8,5,23,42,2,20,37,-12,28,1,1,7,6,5,35,38,36.6,37,2,2,2.0,2,1,1,9,3
12,5,5,15,45,2,20,34,10,20,0,0,7,7,5,34,38,36.0,36,2,2,2.0,2,1,1,9,1
13,7,5,7,47,2,20,34,10,12,0,0,7,7,5,33,38,35.6,36,2,2,2.0,2,1,1,9,1
14,9,5,50,0,2,20,34,10,55,0,0,7,7,5,33,37,34.8,34,2,2,2.0,2,1,1,9,1
15,11,5,46,7,2,19,34,10,51,0,0,7,7,5,33,34,33.4,33,2,3,2.2,2,1,1,9,1
16,13,5,40,9,2,18,34,10,45,4,4,7,5,5,32,34,33.0,33,2,3,2.4,2,0,2,16,3
17,9,5,38,21,2,18,30,17,43,0,0,7,7,5,29,33,30.6,30,2,3,2.4,2,1,2,16,1
18,11,5,32,27,2,18,30,17,37,0,0,7,7,5,29,30,29.4,29,2,3,2.4,2,1,2,17,1
19,13,5,24,29,2,18,30,17,29,0,0,7,7,5,27,30,29.0,29,2,3,2.4,2,1,2,19,1
20,15,5,16,31,2,18,30,17,21,0,0,7,7,5,27,30,28.6,29,2,3,2.4,2,1,2,19,1
21,17,5,8,31,2,17,30,17,13,2,2,7,7,5,27,30,28.6,29,2,4,2.6,2,1,2,19,3
22,11,5,2,39,2,17,24,32,7,0,0,7,7,5,24,30,27.0,27,2,4,2.6,2,1,2,19,1
23,13,5,35,10,2,17,24,32,40,0,0,7,7,5,23,27,25.0,25,2,4,2.6,2,1,2,19,1
24,15,5,29,10,2,15,24,32,34,0,0,7,7,5,23,27,25.0,25,2,5,3.0,2,0,3,26,1
25,17,5,21,16,2,15,24,32,26,0,0,7,7,5,21,26,23.8,24,2,5,3.0,2,1,3,26,1
26,19,5,15,23,2,15,24,32,20,0,0,7,7,5,19,25,22.4,23,2,5,3.0,2,1,3,26,1
27,21,5,5,23,2,15,24,32,10,0,0,7,7,5,19,25,22.4,23,2,5,3.0,2,1,3,30,1
28,23,5,24,0,2,15,24,32,29,0,0,7,7,5,17,25,21.6,23,2,5,3.0,2,1,3,30,1
29,25,5,18,6,2,14,24,32,23,2,2,7,6,5,17,24,20.4,19,2,5,3.2,3,1,3,30,3
30,20,5,12,13,2,14,19,64,17,0,0,7,7,5,15,23,19.0,19,2,5,3.2,3,1,3,30,2
31,20,5,10,24,3,13,19,58,15,1,1,8,7,5,13,20,16.8,19,2,5,3.4,3,1,3,30,3
32,18,5,6,26,3,11,17,72,11,0,0,8,8,5,13,20,16.4,17,3,5,3.8,3,0,4,34,2
33,18,5,2,30,4,10,17,63,7,3,3,12,9,5,11,19,15.6,17,3,5,4.0,4,1,4,34,3
34,17,5,27,3,4,10,16,64,32,2,2,12,10,5,11,19,14.8,15,3,5,4.0,4,1,4,36,3
35,15,5,25,10,4,8,14,66,30,1,1,12,11,5,8,19,13.4,14,3,6,4.4,4,0,5,40,3
36,12,5,23,22,4,7,11,88,28,0,0,12,12,5,8,13,11.0,11,4,6,4.6,4,1,5,40,2
37,12,5,19,22,5,4,11,77,24,1,1,13,12,5,8,13,11.0,11,4,6,5.2,5,1,5,44,3
38,9,5,13,26,5,4,8,103,18,0,0,13,13,5,8,12,10.2,11,4,6,5.2,5,1,5,44,2
39,9,5,7,32,6,3,8,83,12,2,2,15,13,5,5,12,9.0,8,4,6,5.4,6,1,5,44,3
40,8,5,1,36,6,3,7,84,6,0,0,15,15,5,5,12,8.2,8,4,6,5.4,6,1,5,44,1
41,10,5,29,2,6,3,7,84,34,1,1,15,14,5,5,12,7.8,7,4,6,5.4,6,1,5,48,3
42,7,5,23,8,6,3,4,128,28,0,0,15,15,5,3,12,6.6,5,4,6,5.4,6,1,5,48,1
43,9,5,19,21,6,3,4,128,24,0,0,15,15,5,1,8,4.0,4,4,6,5.4,6,1,5,48,1
1,4,5,83,0,2,20,45,-19,88,6,6,8,2,5,45,45,45.0,45,2,2,2.0,2,2,0,0,3
2,2,5,83,8,2,20,43,-17,88,0,0,8,8,5,43,44,43.4,43,2,2,2.0,2,2,0,0,1
3,4,5,79,12,2,20,43,-17,84,5,5,8,3,5,41,43,42.6,43,2,2,2.0,2,2,0,2,3
4,2,5,73,16,2,20,41,-15,78,0,0,8,8,5,41,43,41.8,41,2,2,2.0,2,2,0,4,1
5,4,5,67,20,2,20,41,-15,72,3,3,8,5,5,39,43,41.0,41,2,2,2.0,2,2,0,4,3
6,3,5,63,25,2,20,40,-14,68,0,0,8,8,5,39,41,40.0,40,2,2,2.0,2,2,0,6,1
7,5,5,55,27,2,20,40,-14,60,3,3,8,5,5,39,41,39.6,39,2,2,2.0,2,2,0,6,3
8,3,5,49,31,2,20,38,-12,54,1,1,8,7,5,37,41,38.8,39,2,2,2.0,2,2,0,6,3
9,1,5,47,39,2,20,36,-10,52,0,0,8,8,5,35,39,37.2,37,2,2,2.0,2,2,0,8,1
10,3,5,39,41,2,20,36,-10,44,0,0,8,8,5,35,39,36.8,37,2,2,2.0,2,2,0,10,1
11,5,5,31,45,2,20,36,-10,36,0,0,8,8,5,35,37,36.0,36,2,2,2.0,2,2,0,10,1
12,7,5,23,47,2,20,36,-10,28,0,0,8,8,5,35,37,35.6,35,2,2,2.0,2,2,0,10,1
13,9,5,13,47,2,20,36,-10,18,0,0,8,8,5,35,37,35.6,35,2,2,2.0,2,2,0,10,1
14,11,5,3,47,2,20,36,-10,8,0,0,8,8,5,35,37,35.6,35,2,2,2.0,2,2,0,10,1
15,13,5,40,0,2,20,36,-10,45,1,1,8,7,5,35,37,35.6,35,2,2,2.0,2,2,0,10,3
16,10,5,32,3,2,20,33,12,37,0,0,8,8,5,33,37,35.0,35,2,2,2.0,2,2,0,10,1
17,12,5,24,9,2,20,33,12,29,0,0,8,8,5,29,37,33.8,35,2,2,2.0,2,2,0,10,1
18,14,5,18,19,2,20,33,12,23,0,0,8,8,5,29,35,31.8,31,2,2,2.0,2,2,0,10,1
19,16,5,12,23,2,19,33,12,17,1,1,8,7,5,29,33,31.0,31,2,3,2.2,2,2,0,10,3
20,12,5,8,32,2,19,29,19,13,0,0,8,8,5,26,31,29.2,29,2,3,2.2,2,1,1,17,1
21,14,5,2,37,2,19,29,19,7,0,0,8,8,5,26,31,28.2,28,2,3,2.2,2,1,1,17,1
22,16,5,33,0,2,17,29,19,38,0,0,8,8,5,26,31,28.2,28,2,3,2.6,3,1,1,17,1
23,18,5,31,10,2,16,29,19,36,0,0,8,8,5,25,29,26.2,26,2,4,2.8,3,1,1,17,1
24,20,5,23,12,2,16,29,19,28,0,0,8,8,5,24,29,25.8,25,2,4,2.8,3,1,1,32,1
25,22,5,15,14,2,16,29,19,20,0,0,8,8,5,22,29,25.4,25,2,4,2.8,3,1,1,32,1
26,24,5,9,22,2,16,29,19,14,1,1,8,7,5,19,29,23.8,25,2,4,2.8,3,1,1,32,3
27,19,5,3,30,2,16,24,49,8,0,0,8,8,5,19,26,22.2,22,2,4,2.8,3,1,1,47,2
28,19,5,3,40,3,13,24,32,8,3,3,11,8,5,13,24,20.2,22,2,4,3.4,4,1,1,47,3
29,16,5,44,0,3,12,21,36,49,2,2,11,9,5,13,22,19.2,21,2,5,3.6,4,1,1,62,3
30,13,5,42,13,3,12,18,40,47,1,1,11,10,5,7,21,16.6,18,2,5,3.6,4,1,1,62,3
31,10,5,36,18,3,12,15,78,41,0,0,11,11,5,7,19,15.6,18,2,5,3.6,4,0,2,77,2
32,10,5,30,21,4,11,15,57,35,1,1,13,12,5,7,19,15.0,15,2,5,3.8,4,0,2,77,3
33,8,5,22,23,4,11,13,59,27,0,0,13,13,5,7,19,14.6,15,2,5,3.8,4,0,2,77,1
34,10,5,12,23,4,11,13,59,17,1,1,13,12,5,7,19,14.6,15,2,5,3.8,4,0,2,77,3
35,8,5,8,31,4,11,11,103,13,0,0,13,13,5,7,19,13.0,12,2,5,3.8,4,0,2,77,2
36,8,5,4,35,5,9,11,90,9,2,2,16,14,5,7,16,12.2,12,2,5,4.2,5,0,2,77,3
37,7,5,39,0,5,8,10,91,44,1,1,16,15,5,7,16,11.4,10,2,5,4.4,5,0,2,77,3
38,6,5,33,3,5,8,9,92,38,0,0,16,16,5,7,16,10.8,9,2,5,4.4,5,0,2,77,1
39,8,5,25,9,5,8,9,92,30,0,0,16,16,5,7,13,9.6,9,2,5,4.4,5,0,2,77,1
40,10,5,17,13,5,8,9,92,22,0,0,16,16,5,5,13,8.8,9,2,5,4.4,5,0,2,77,1
41,12,5,9,19,5,8,9,92,14,0,0,16,16,5,5,10,7.6,7,2,5,4.4,5,0,2,77,1
42,14,5,18,0,5,8,9,92,23,1,1,16,15,5,5,10,7.6,7,2,5,4.4,5,0,2,77,3
43,9,5,12,9,5,8,4,128,17,0,0,16,16,5,3,10,5.8,5,2,5,4.4,5,0,2,77,1
44,11,5,4,12,5,8,4,128,9,0,0,16,16,5,2,10,5.2,4,2,5,4.4,5,0,2,77,1
1,4,5,85,0,2,20,45,-18,90,5,5,7,2,5,45,45,45.0,45,2,2,2.0,2,0,0,0,3
2,3,5,83,5,2,20,44,-17,88,4,4,7,3,5,43,45,44.0,44,2,2,2.0,2,2,0,0,3
3,1,5,79,10,2,20,42,-15,84,0,0,7,7,5,42,44,43.0,43,2,2,2.0,2,2,0,2,1
4,3,5,69,10,2,20,42,-15,74,0,0,7,7,5,42,44,43.0,43,2,2,2.0,2,2,0,2,1
5,5,5,67,18,2,20,42,-15,72,3,3,7,4,5,41,42,41.4,41,2,2,2.0,2,2,0,2,3
6,3,5,61,22,2,20,40,-13,66,0,0,7,7,5,39,42,40.6,41,2,2,2.0,2,2,0,4,1
7,5,5,55,26,2,20,40,-13,60,2,2,7,5,5,39,42,39.8,39,2,2,2.0,2,2,0,4,3
8,3,5,53,34,2,20,38,-11,58,0,0,7,7,5,37,40,38.2,38,2,2,2.0,2,2,0,6,1
9,5,5,43,34,2,20,38,-11,48,0,0,7,7,5,37,40,38.2,38,2,2,2.0,2,2,0,6,1
10,7,5,33,34,2,20,38,-11,38,1,1,7,6,5,37,40,38.2,38,2,2,2.0,2,2,0,6,3
11,5,5,31,44,2,20,36,-9,36,0,0,7,7,5,35,37,36.2,36,2,2,2.0,2,2,0,6,1
12,7,5,21,44,2,20,36,-9,26,1,1,7,6,5,35,37,36.2,36,2,2,2.0,2,2,0,8,3
13,4,5,15,49,2,20,33,11,20,0,0,7,7,5,33,37,35.2,36,2,2,2.0,2,2,0,8,1
14,6,5,7,53,2,20,33,11,12,0,0,7,7,5,32,37,34.4,33,2,2,2.0,2,2,0,8,1
15,8,5,50,0,2,20,33,11,55,0,0,7,7,5,32,37,34.4,33,2,2,2.0,2,2,0,8,1
16,10,5,44,5,2,20,33,11,49,0,0,7,7,5,30,37,33.4,33,2,2,2.0,2,2,0,8,1
17,12,5,34,5,2,20,33,11,39,0,0,7,7,5,30,37,33.4,33,2,2,2.0,2,2,0,8,1
18,14,5,28,15,2,20,33,11,33,4,4,7,6,5,28,35,31.4,31,2,2,2.0,2,2,0,8,3
19,9,5,24,26,2,20,28,41,29,0,0,7,7,5,27,32,29.2,28,2,2,2.0,2,2,0,23,2
20,9,5,18,30,3,19,28,31,23,2,2,10,8,5,27,31,28.4,28,2,3,2.2,2,2,0,23,3
21,8,5,12,31,3,18,27,32,17,1,1,10,9,5,27,31,28.2,28,2,3,2.4,2,2,0,23,3
22,6,5,8,41,3,18,25,34,13,0,0,10,10,5,23,28,26.2,27,2,3,2.4,2,2,0,23,1
23,8,5,2,51,3,18,25,34,7,0,0,10,10,5,22,28,24.2,23,2,3,2.4,2,2,0,30,1
24,10,5,45,6,3,18,25,34,50,1,1,10,9,5,22,25,23.0,23,2,3,2.4,2,2,0,37,3
25,5,5,41,14,3,17,20,64,46,0,0,10,10,5,20,23,21.4,22,2,4,2.6,2,2,0,37,1
26,7,5,33,15,3,17,20,64,38,0,0,10,10,5,20,22,21.2,22,2,4,2.6,2,1,1,41,1
27,9,5,25,18,3,17,20,64,30,0,0,10,10,5,19,22,20.6,20,2,4,2.6,2,1,1,41,2
28,9,5,23,31,4,16,20,60,28,2,2,12,10,5,14,22,18.0,18,2,4,2.8,2,1,1,41,3
29,7,5,17,33,4,15,18,62,22,1,1,12,11,5,14,22,17.6,18,2,4,3.0,3,1,1,56,3
30,5,5,11,38,4,15,16,72,16,0,0,12,12,5,14,22,16.6,16,2,4,3.0,3,1,1,56,1
31,7,5,3,43,4,15,16,72,8,0,0,12,12,5,14,17,15.6,16,2,4,3.0,3,1,1,56,1
32,9,5,40,12,4,15,16,72,45,0,0,12,12,5,8,17,13.2,16,2,4,3.0,3,1,1,56,2
33,9,5,32,12,5,14,16,52,37,0,0,13,13,5,8,17,13.2,16,2,5,3.2,3,1,1,71,1
34,11,5,24,15,5,14,16,52,29,0,0,13,13,5,8,16,12.6,14,2,5,3.2,3,1,1,71,1
35,13,5,16,15,5,13,16,52,21,0,0,13,13,5,8,16,12.6,14,2,5,3.4,3,1,1,71,1
36,15,5,10,22,5,13,16,52,15,0,0,13,13,5,8,16,11.2,10,2,5,3.4,3,1,1,71,1
37,17,5,2,24,5,13,16,52,7,0,0,13,13,5,8,16,10.8,10,2,5,3.4,3,1,1,71,1
38,19,5,20,10,5,13,16,52,25,3,3,15,12,5,3,16,8.8,10,2,5,3.4,3,1,1,71,3
39,17,5,12,12,5,13,14,54,17,2,2,15,13,5,3,14,8.4,10,2,5,3.4,3,0,2,78,3
40,14,5,8,22,5,13,11,58,13,1,1,15,14,5,3,11,6.4,6,2,5,3.4,3,0,2,78,3
41,11,5,25,0,5,13,8,102,30,0,0,15,15,5,3,8,5.8,6,2,5,3.4,3,0,2,78,1
42,13,5,15,0,5,13,8,102,20,0,0,15,15,5,3,8,5.8,6,2,5,3.4,3,0,2,78,1
43,15,5,5,0,5,13,8,102,10,0,0,15,15,5,3,8,5.8,6,2,5,3.4,3,0,2,78,1
44,17,0,0,0,5,13,8,102,0,0,0,15,15,5,3,8,5.8,6,2,5,3.4,3,0,2,78,2
45,17,0,0,0,6,8,8,111,0,0,0,15,15,5,3,8,5.8,6,3,6,4.4,4,0,2,78,2
46,17,0,0,8,7,6,8,94,0,1,1,16,15,5,0,8,4.2,3,3,7,4.8,4,1,2,78,3
1,4,5,81,2,2,20,45,-24,86,0,0,6,6,5,44,45,44.6,45,2,2,2.0,2,2,0,0,1
2,6,5,75,5,2,20,45,-24,80,1,1,6,5,5,43,45,44.0,44,2,2,2.0,2,2,0,1,3
3,3,5,73,14,2,20,42,-20,78,0,0,7,7,5,41,44,42.2,42,2,2,2.0,2,2,0,2,1
4,5,5,67,18,2,20,42,-20,72,1,1,7,6,5,41,42,41.4,41,2,2,2.0,2,2,0,4,3
5,3,5,61,22,2,20,40,-18,66,0,0,7,7,5,39,42,40.6,41,2,2,2.0,2,2,0,4,1
6,5,5,55,26,2,20,40,-18,60,0,0,7,7,5,39,41,39.8,40,2,2,2.0,2,2,0,4,1
7,7,5,49,30,2,20,40,-18,54,0,0,7,7,5,37,40,39.0,39,2,2,2.0,2,2,0,4,1
8,9,5,39,30,2,20,40,-18,44,0,0,7,7,5,37,40,39.0,39,2,2,2.0,2,2,0,6,1
9,11,5,31,32,2,20,40,-18,36,0,0,7,7,5,37,40,38.6,39,2,2,2.0,2,2,0,6,1
10,13,5,23,35,2,20,40,-18,28,1,1,7,6,5,37,40,38.0,37,2,2,2.0,2,0,2,8,3
11,9,5,15,39,2,20,36,-11,20,0,0,7,7,5,36,39,37.2,37,2,2,2.0,2,0,2,8,1
12,11,5,9,42,2,19,36,-11,14,0,0,7,7,5,36,37,36.6,37,2,3,2.2,2,0,2,8,1
13,13,5,1,44,2,19,36,-11,6,1,1,7,6,5,35,37,36.2,36,2,3,2.2,2,1,2,8,3
14,10,5,40,0,2,19,33,-7,45,0,0,6,6,5,33,37,35.6,36,2,3,2.2,2,1,2,10,1
15,12,5,32,3,2,19,33,-7,37,0,0,6,6,5,33,37,35.0,35,2,3,2.2,2,1,2,10,1
16,14,5,24,9,2,19,33,-7,29,0,0,6,6,5,29,37,33.8,34,2,3,2.2,2,1,2,10,1
17,16,5,14,9,2,19,33,-7,19,0,0,6,6,5,29,37,33.8,34,2,3,2.2,2,1,2,25,1
18,18,5,4,9,2,19,33,-7,9,0,0,6,6,5,29,37,33.8,34,2,3,2.2,2,1,2,25,1
19,20,5,13,3,2,19,33,-7,18,2,2,6,6,5,28,36,32.0,33,2,3,2.2,2,1,2,25,3
20,14,5,9,14,2,18,27,8,14,0,0,6,6,5,24,36,29.8,28,2,3,2.4,2,1,2,25,1
21,16,5,3,21,2,18,27,8,8,0,0,6,6,5,24,32,28.4,28,2,3,2.4,2,1,2,35,1
22,18,5,18,2,2,17,27,8,23,2,2,6,5,5,24,31,28.0,28,2,3,2.6,3,1,2,35,3
23,15,5,14,9,2,17,24,38,19,2,2,7,5,5,24,29,26.6,28,2,3,2.6,3,1,2,35,3
24,14,5,10,10,2,15,23,39,15,1,1,7,6,5,23,29,26.4,28,2,4,3.0,3,1,2,35,3
25,10,5,8,23,2,15,19,68,13,0,0,7,7,5,19,28,23.8,24,2,4,3.0,3,1,2,35,2
26,10,5,4,28,3,14,19,77,9,0,0,7,7,5,19,25,22.8,24,2,4,3.2,3,1,2,35,2
27,10,5,26,6,4,13,19,56,31,0,0,11,11,5,18,25,21.6,22,2,4,3.4,4,1,2,35,1
28,12,5,16,6,4,13,19,56,21,1,1,11,10,5,18,25,21.6,22,2,4,3.4,4,1,2,50,3
29,9,5,12,19,4,13,16,60,17,0,0,11,11,5,16,22,19.0,19,2,4,3.4,4,1,2,50,1
30,11,5,4,19,4,12,16,60,9,0,0,11,11,5,16,22,19.0,19,2,5,3.6,4,1,2,50,1
31,13,5,15,2,4,12,16,60,20,0,0,11,11,5,16,22,18.6,18,2,5,3.6,4,1,2,50,1
32,15,5,9,6,4,11,16,60,14,1,1,11,10,5,14,22,17.8,18,2,6,3.8,4,1,2,50,3
33,11,5,7,17,4,10,12,67,12,0,0,11,11,5,12,22,15.6,14,2,6,4.0,4,0,3,57,1
34,13,5,1,19,4,10,12,67,6,0,0,11,11,5,12,22,15.2,13,2,6,4.0,4,1,3,57,1
35,15,5,14,9,4,10,12,67,19,0,0,11,11,5,10,16,13.4,13,2,6,4.0,4,1,3,58,1
36,17,5,8,13,4,10,12,67,13,0,0,11,11,5,10,15,12.6,13,2,6,4.0,4,1,3,62,1
37,19,5,2,19,4,10,12,67,7,0,0,11,11,5,9,13,11.4,12,2,6,4.0,4,1,3,62,1
38,21,5,15,0,4,8,12,67,20,0,0,11,11,5,9,13,11.4,12,3,6,4.4,4,1,3,62,1
39,23,5,9,6,4,8,12,67,14,1,1,11,11,5,5,13,10.2,11,3,6,4.4,4,1,3,62,3
40,17,5,5,20,4,8,6,82,10,0,0,11,11,5,5,10,7.4,8,3,6,4.4,4,1,3,62,1
41,19,5,15,0,4,8,6,82,20,0,0,11,11,5,5,10,7.4,8,3,6,4.4,4,1,3,62,1
42,21,5,5,0,4,8,6,82,10,1,1,11,10,5,5,10,7.4,8,3,6,4.4,4,1,3,62,3
43,16,5,9,0,4,8,1,134,14,0,0,0,0,5,1,10,5.4,5,3,6,4.4,4,1,3,62,1
1,4,5,85,1,2,20,45,-14,90,0,0,6,6,5,44,45,44.8,45,2,2,2.0,2,2,0,0,1
2,6,5,83,8,2,20,45,-14,88,0,0,6,6,5,42,45,43.4,43,2,2,2.0,2,2,0,1,1
3,8,5,77,11,2,20,45,-14,82,3,3,6,3,5,41,45,42.8,43,2,2,2.0,2,2,0,3,3
4,6,5,75,18,2,20,43,-12,80,2,2,6,4,5,40,43,41.4,41,2,2,2.0,2,2,0,3,3
5,4,5,67,20,2,20,41,-10,72,0,0,6,6,5,40,42,41.0,41,2,2,2.0,2,2,0,5,1
6,6,5,63,27,2,20,41,-10,68,1,1,6,5,5,38,41,39.6,40,2,2,2.0,2,2,0,5,3
7,4,5,55,29,2,20,39,-8,60,0,0,6,6,5,38,41,39.2,39,2,2,2.0,2,2,0,7,1
8,6,5,49,33,2,20,39,-8,54,0,0,6,6,5,38,39,38.4,38,2,2,2.0,2,2,0,7,1
9,8,5,39,33,2,20,39,-8,44,0,0,6,6,5,38,39,38.4,38,2,2,2.0,2,2,0,7,1
10,10,5,31,36,2,20,39,-8,36,2,2,6,4,5,36,39,37.8,38,2,2,2.0,2,2,0,7,3
11,8,5,27,42,2,20,37,6,32,0,0,6,6,5,36,38,36.6,36,2,2,2.0,2,2,0,7,1
12,10,5,17,42,2,20,37,6,22,0,0,6,6,5,36,38,36.6,36,2,2,2.0,2,2,0,9,1
13,12,5,13,52,2,20,37,6,18,0,0,6,6,5,33,37,34.6,34,2,2,2.0,2,2,0,9,1
14,14,5,5,55,2,20,37,6,10,1,1,6,5,5,33,37,34.0,33,2,2,2.0,2,2,0,9,3
15,11,5,55,0,2,20,34,10,60,0,0,6,6,5,33,34,33.4,33,2,2,2.0,2,1,1,13,1
16,13,5,45,0,2,20,34,10,50,0,0,6,6,5,33,34,33.4,33,2,2,2.0,2,1,1,13,1
17,15,5,37,4,2,20,34,10,42,0,0,6,6,5,29,34,32.6,33,2,2,2.0,2,1,1,13,1
18,17,5,31,9,2,19,34,10,36,0,0,6,6,5,28,34,31.6,33,2,3,2.2,2,1,1,13,1
19,19,5,25,11,2,18,34,10,30,1,1,6,5,5,27,34,31.2,33,2,3,2.4,2,0,2,23,3
20,16,5,21,17,2,18,31,30,26,0,0,6,6,5,25,34,30.0,31,2,3,2.4,2,1,2,23,2
21,16,5,15,23,3,17,31,14,20,0,0,8,8,5,25,34,28.8,27,2,3,2.6,3,1,2,24,1
22,18,5,5,23,3,17,31,14,10,0,0,8,8,5,25,34,28.8,27,2,3,2.6,3,1,2,24,1
23,20,5,31,0,3,17,31,14,36,2,2,8,8,5,22,31,27.0,27,2,3,2.6,3,1,2,24,3
24,14,5,25,9,3,17,25,29,30,0,0,8,8,5,22,28,25.2,25,2,3,2.6,3,1,2,24,1
25,16,5,17,12,3,17,25,29,22,0,0,8,8,5,22,28,24.6,24,2,3,2.6,3,1,2,28,1
26,18,5,9,12,3,16,25,29,14,0,0,8,8,5,22,28,24.6,24,2,4,2.8,3,1,2,28,1
27,20,5,5,25,3,16,25,29,10,3,3,8,7,5,19,25,22.0,22,2,4,2.8,3,1,2,28,3
28,16,5,3,37,3,15,21,36,8,0,0,8,8,5,18,22,19.6,19,2,4,3.0,3,1,2,28,1
29,18,5,33,0,3,15,21,36,38,0,0,8,8,5,18,22,19.4,18,2,4,3.0,3,1,2,43,1
30,20,5,25,6,3,15,21,36,30,1,1,8,8,5,16,21,18.2,18,2,4,3.0,3,1,2,43,3
31,14,5,21,16,3,14,15,51,26,0,0,8,8,5,14,18,16.2,16,2,5,3.2,3,1,2,43,1
32,16,5,13,16,3,13,15,51,18,0,0,8,8,5,14,18,16.2,16,2,5,3.4,3,1,2,43,1
33,18,5,9,26,3,13,15,51,14,0,0,8,8,5,12,16,14.2,15,2,5,3.4,3,1,2,43,1
34,20,5,1,26,3,12,15,51,6,0,0,8,8,5,12,16,14.2,15,2,5,3.6,3,1,2,58,1
35,22,5,19,1,3,12,15,51,24,2,2,8,7,5,12,16,14.0,15,2,5,3.6,3,1,2,58,3
36,17,5,15,12,3,12,10,93,20,0,0,8,8,5,10,15,11.8,12,2,5,3.6,3,1,2,58,2
37,17,5,9,14,4,11,10,82,14,2,2,10,8,5,8,15,11.4,12,2,5,3.8,4,1,2,58,3
38,14,5,3,19,4,11,7,86,8,1,1,10,9,5,6,15,10.4,12,2,5,3.8,4,1,2,58,3
39,11,5,23,0,4,11,4,112,28,0,0,10,10,5,4,12,9.0,11,2,5,3.8,4,1,2,58,1
40,13,5,13,0,4,11,4,112,18,0,0,10,10,5,4,12,9.0,11,2,5,3.8,4,1,2,58,1
41,15,5,5,5,4,11,4,112,10,0,0,10,10,5,4,12,8.0,7,2,5,3.8,4,1,2,58,1
42,17,5,0,0,4,11,4,112,5,0,0,10,10,5,4,12,8.0,7,2,5,3.8,4,0,3,68,1
43,19,0,0,0,4,9,4,112,0,0,0,10,10,5,4,12,8.0,7,3,5,4.2,4,0,3,68,2
44,19,0,0,10,5,7,4,91,0,1,1,11,10,5,0,11,6.0,6,3,6,4.6,5,1,3,68,3
1,4,5,85,1,2,20,45,-26,90,3,3,9,6,5,44,45,44.8,45,2,2,2.0,2,2,0,0,3
2,3,5,85,9,2,20,44,-25,90,2,2,9,7,5,42,44,43.2,43,2,2,2.0,2,2,0,1,3
3,2,5,81,13,2,20,43,-24,86,1,1,9,8,5,41,43,42.4,43,2,2,2.0,2,2,0,3,3
4,0,5,79,21,2,20,41,-22,84,0,0,9,9,5,40,41,40.8,41,2,2,2.0,2,2,0,3,1
5,2,5,71,23,2,20,41,-22,76,0,0,9,9,5,39,41,40.4,41,2,2,2.0,2,1,1,5,1
6,4,5,61,23,2,20,41,-22,66,2,2,9,7,5,39,41,40.4,41,2,2,2.0,2,1,1,5,3
7,1,5,55,28,2,20,38,-18,60,0,0,9,9,5,38,41,39.4,39,2,2,2.0,2,1,1,5,1
8,3,5,45,28,2,20,38,-18,50,0,0,9,9,5,38,41,39.4,39,2,2,2.0,2,1,1,5,1
9,5,5,39,33,2,20,38,-18,44,1,1,9,8,5,36,41,38.4,38,2,2,2.0,2,1,1,5,3
10,3,5,31,35,2,20,36,-16,36,0,0,9,9,5,36,41,38.0,37,2,2,2.0,2,1,1,5,1
11,5,5,23,38,2,20,36,-16,28,0,0,9,9,5,36,41,37.4,37,2,2,2.0,2,1,1,5,1
12,7,5,15,40,2,20,36,-16,20,0,0,9,9,5,35,41,37.0,36,2,2,2.0,2,1,1,9,1
13,9,5,7,43,2,20,36,-16,12,1,1,10,9,5,34,41,36.4,36,2,2,2.0,2,1,1,9,3
14,7,5,44,0,2,20,34,-14,49,0,0,10,10,5,34,41,36.0,35,2,2,2.0,2,1,1,13,1
15,9,5,36,3,2,20,34,-14,41,1,1,10,9,5,33,41,35.4,34,2,2,2.0,2,1,1,13,3
16,6,5,32,10,2,19,31,-10,37,0,0,10,10,5,31,37,34.0,34,2,3,2.2,2,1,1,13,1
17,8,5,24,12,2,19,31,-10,29,0,0,10,10,5,31,37,33.6,34,2,3,2.2,2,1,1,13,1
18,10,5,20,26,2,19,31,-10,25,0,0,10,10,5,28,37,30.8,29,2,3,2.2,2,1,1,13,1
19,12,5,12,30,2,19,31,-10,17,1,1,10,9,5,28,33,30.0,29,2,3,2.2,2,1,1,28,3
20,9,5,4,33,2,19,28,-6,9,0,0,10,10,5,28,33,29.4,29,2,3,2.2,2,1,1,28,1
21,11,5,29,5,2,19,28,-6,34,0,0,10,10,5,23,33,28.4,29,2,3,2.2,2,1,1,28,1
22,13,5,23,9,2,18,28,-6,28,0,0,10,10,5,23,33,27.6,28,2,3,2.4,2,0,2,38,1
23,15,5,19,16,2,17,28,-6,24,0,0,10,10,5,22,29,26.2,27,2,4,2.6,2,1,2,38,1
24,17,5,9,16,2,17,28,-6,14,0,0,10,10,5,22,29,26.2,27,2,4,2.6,2,1,2,39,1
25,19,5,5,32,2,17,28,-6,10,3,3,12,9,5,18,28,23.0,23,2,4,2.6,2,1,2,39,3
26,18,5,35,0,2,17,27,-5,40,2,2,12,10,5,18,27,22.2,22,2,4,2.6,2,0,3,46,3
27,15,5,29,3,2,16,24,-1,34,1,1,12,11,5,18,24,21.6,22,2,4,2.8,2,0,3,46,3
28,11,5,25,14,2,16,20,24,30,0,0,13,13,5,15,23,19.4,20,2,4,2.8,2,1,3,46,1
29,13,5,17,16,2,16,20,24,22,1,1,13,12,5,15,23,19.0,20,2,4,2.8,2,1,3,47,3
30,9,5,13,27,2,16,16,31,18,0,0,13,13,5,15,19,16.8,16,2,4,2.8,2,1,3,49,1
31,11,5,7,27,2,14,16,31,12,0,0,13,13,5,15,19,16.8,16,2,5,3.2,3,1,3,49,1
32,13,5,1,36,2,14,16,31,6,0,0,13,13,5,9,19,15.0,16,2,5,3.2,3,1,3,49,1
33,15,5,29,0,2,13,16,31,34,0,0,13,13,5,9,19,15.0,16,2,5,3.4,4,1,3,49,1
34,17,5,21,4,2,13,16,31,26,1,1,13,12,5,9,19,14.2,16,2,5,3.4,4,1,3,49,3
35,12,5,13,9,2,13,11,75,18,0,0,13,13,5,9,19,13.2,11,2,5,3.4,4,1,3,56,2
36,12,5,5,9,3,12,11,83,10,0,0,13,13,5,9,19,13.2,11,2,5,3.6,4,1,3,56,2
37,12,5,14,0,4,11,11,100,19,0,0,13,13,5,3,19,12.0,11,2,5,3.8,4,1,3,56,1
38,14,5,6,2,4,11,11,100,11,0,0,13,13,5,3,17,11.6,11,2,5,3.8,4,1,3,56,1
39,16,5,2,12,4,11,11,100,7,0,0,13,13,5,3,15,9.6,11,2,5,3.8,4,1,3,56,1
40,18,5,4,0,4,11,11,100,9,1,1,13,13,5,3,15,9.6,11,2,5,3.8,4,0,4,66,1
41,20,0,0,0,4,11,11,100,0,1,1,13,13,5,3,15,9.6,11,2,5,3.8,4,0,4,66,3
42,14,0,0,6,4,6,5,115,0,0,0,13,13,5,3,15,8.4,6,3,6,4.8,5,0,4,66,2
43,14,0,0,13,5,4,5,102,0,1,1,15,14,5,2,11,7.0,6,3,6,5.2,6,1,4,66,3
1,4,5,85,1,2,20,45,-28,90,3,3,7,4,5,44,45,44.8,45,2,2,2.0,2,2,0,0,3
2,3,5,81,4,2,20,44,-27,86,1,1,7,6,5,44,45,44.2,44,2,2,2.0,2,2,0,1,3
3,1,5,77,9,2,20,42,-25,82,0,0,7,7,5,42,44,43.2,43,2,2,2.0,2,2,0,1,1
4,3,5,69,11,2,20,42,-25,74,0,0,7,7,5,42,44,42.8,43,2,2,2.0,2,2,0,1,1
5,5,5,63,15,2,20,42,-25,68,0,0,7,7,5,41,43,42.0,42,2,2,2.0,2,2,0,1,1
6,7,5,59,21,2,20,42,-25,64,0,0,7,7,5,40,42,40.8,41,2,2,2.0,2,2,0,3,1
7,9,5,51,23,2,20,42,-25,56,1,1,7,6,5,39,42,40.4,40,2,2,2.0,2,2,0,5,3
8,6,5,47,30,2,20,39,-21,52,0,0,7,7,5,38,40,39.0,39,2,2,2.0,2,2,0,5,1
9,8,5,39,32,2,20,39,-21,44,1,1,7,6,5,37,40,38.6,39,2,2,2.0,2,1,1,7,3
10,6,5,37,40,2,20,37,-19,42,0,0,7,7,5,35,40,37.0,37,2,2,2.0,2,1,1,7,1
11,8,5,29,43,2,20,37,-19,34,0,0,7,7,5,35,37,36.4,37,2,2,2.0,2,1,1,9,1
12,10,5,23,47,2,20,37,-19,28,0,0,7,7,5,34,37,35.6,35,2,2,2.0,2,1,1,9,1
13,12,5,15,50,2,20,37,-19,20,1,1,7,6,5,32,37,35.0,35,2,2,2.0,2,1,1,11,3
14,8,5,7,54,2,20,33,-12,12,0,0,7,7,5,32,37,34.2,34,2,2,2.0,2,1,1,11,1
15,10,5,53,3,2,20,33,-12,58,0,0,7,7,5,31,37,33.6,33,2,2,2.0,2,1,1,11,1
16,12,5,45,9,2,20,33,-12,50,0,0,7,7,5,31,35,32.4,32,2,2,2.0,2,1,1,15,1
17,14,5,35,9,2,20,33,-12,40,0,0,7,7,5,31,35,32.4,32,2,2,2.0,2,1,1,15,1
18,16,5,25,9,2,20,33,-12,30,0,0,7,7,5,31,35,32.4,32,2,2,2.0,2,1,1,15,1
19,18,5,19,18,2,20,33,-12,24,3,3,7,6,5,27,33,30.6,31,2,2,2.0,2,1,1,15,3
20,14,5,15,24,2,19,29,17,20,0,0,7,7,5,27,32,29.4,29,2,3,2.2,2,1,1,22,1
21,16,5,11,32,2,19,29,17,16,0,0,7,7,5,27,29,27.8,28,2,3,2.2,2,1,1,22,1
22,18,5,7,37,2,18,29,17,12,2,2,7,7,5,24,29,26.8,27,2,3,2.4,2,1,1,22,3
23,12,5,3,48,2,18,23,32,8,0,0,8,8,5,23,27,24.6,24,2,3,2.4,2,1,1,22,1
24,14,5,41,0,2,18,23,32,46,0,0,8,8,5,23,27,24.6,24,2,3,2.4,2,1,1,22,1
25,16,5,31,0,2,18,23,32,36,3,3,8,7,5,23,27,24.6,24,2,3,2.4,2,1,1,22,3
26,11,5,27,12,2,18,18,76,32,0,0,8,8,5,18,24,22.2,24,2,3,2.4,2,1,1,22,2
27,11,5,25,15,3,15,18,93,30,0,0,8,8,5,18,24,21.6,21,2,4,3.0,3,0,2,26,2
28,11,5,21,18,4,13,18,71,26,2,2,10,8,5,18,24,21.0,21,2,4,3.4,4,1,2,26,3
29,10,5,17,27,4,13,17,72,22,1,1,10,9,5,17,24,19.2,18,2,4,3.4,4,1,2,26,3
30,8,5,11,31,4,13,15,118,16,0,0,10,10,5,15,24,18.4,18,2,4,3.4,4,1,2,26,2
31,8,5,7,32,5,11,15,102,12,2,2,13,11,5,15,24,18.2,18,2,5,3.8,4,1,2,26,3
32,6,5,5,49,5,11,13,104,10,1,1,13,12,5,13,18,14.8,14,2,5,3.8,4,1,2,26,3
33,4,5,50,0,5,10,11,106,55,0,0,13,13,5,11,18,14.4,14,3,5,4.0,4,1,2,41,1
34,6,5,46,11,5,10,11,106,51,0,0,13,13,5,10,14,12.2,12,3,5,4.0,4,1,2,41,1
35,8,5,38,11,5,9,11,106,43,0,0,13,13,5,10,14,12.2,12,3,5,4.2,4,1,2,56,1
36,10,5,32,17,5,8,11,106,37,0,0,13,13,5,6,14,11.0,11,3,5,4.4,5,1,2,56,1
37,12,5,26,23,5,8,11,106,31,0,0,13,13,5,6,14,9.8,11,3,5,4.4,5,1,2,71,1
38,14,5,18,27,5,8,11,106,23,1,1,13,12,5,6,11,9.0,10,3,5,4.4,5,1,2,71,3
39,11,5,12,33,5,8,8,142,17,0,0,13,13,5,6,10,7.8,8,3,5,4.4,5,1,2,71,1
40,13,5,4,39,5,8,8,142,9,0,0,13,13,5,0,10,6.6,8,3,5,4.4,5,1,2,71,1
1,4,5,85,5,2,20,45,-19,90,5,5,6,1,5,43,45,44.0,44,2,2,2.0,2,2,0,0,3
2,2,5,79,9,2,20,43,-17,84,3,3,6,3,5,42,44,43.2,43,2,2,2.0,2,2,0,2,3
3,0,5,75,15,2,20,41,-15,80,0,0,6,6,5,41,43,42.0,42,2,2,2.0,2,2,0,2,1
4,2,5,67,17,2,20,41,-15,72,0,0,6,6,5,40,43,41.6,42,2,2,2.0,2,2,0,2,1
5,4,5,59,19,2,20,41,-15,64,0,0,6,6,5,40,43,41.2,41,2,2,2.0,2,2,0,2,1
6,6,5,49,19,2,20,41,-15,54,0,0,6,6,5,40,43,41.2,41,2,2,2.0,2,2,0,2,1
7,8,5,45,28,2,20,41,-15,50,3,3,6,3,5,37,41,39.4,40,2,2,2.0,2,2,0,2,3
8,6,5,41,36,2,20,39,-13,46,1,1,6,5,5,36,39,37.8,38,2,2,2.0,2,2,0,9,3
9,4,5,35,41,2,20,37,-11,40,0,0,6,6,5,34,39,36.8,37,2,2,2.0,2,2,0,9,1
10,6,5,25,41,2,20,37,-11,30,0,0,6,6,5,34,39,36.8,37,2,2,2.0,2,2,0,9,1
11,8,5,15,41,2,20,37,-11,20,0,0,6,6,5,34,39,36.8,37,2,2,2.0,2,2,0,9,1
12,10,5,5,41,2,20,37,-11,10,0,0,6,6,5,34,39,36.8,37,2,2,2.0,2,2,0,9,1
13,12,5,38,3,2,20,37,-11,43,1,1,6,5,5,34,38,36.2,36,2,2,2.0,2,2,0,9,3
14,9,5,32,11,2,20,34,11,37,0,0,6,6,5,29,38,34.6,36,2,2,2.0,2,1,1,13,1
15,11,5,26,18,2,20,34,11,31,0,0,6,6,5,29,36,33.2,34,2,2,2.0,2,1,1,13,1
16,13,5,20,22,2,19,34,11,25,0,0,6,6,5,29,34,32.4,33,2,3,2.2,2,0,2,17,1
17,15,5,14,24,2,18,34,11,19,2,2,6,6,5,29,34,32.0,32,2,3,2.4,2,1,2,17,3
18,9,5,10,33,2,18,28,26,15,0,0,6,6,5,28,34,30.2,29,2,3,2.4,2,1,2,19,1
19,11,5,4,37,2,18,28,26,9,0,0,6,6,5,26,34,29.4,28,2,3,2.4,2,1,2,21,1
20,13,5,35,5,2,17,28,26,40,0,0,6,6,5,26,32,28.4,28,2,4,2.6,2,0,3,23,1
21,15,5,29,11,2,16,28,26,34,0,0,6,6,5,26,29,27.2,27,2,4,2.8,3,1,3,23,1
22,17,5,21,14,2,16,28,26,26,1,1,6,6,5,23,29,26.6,27,2,4,2.8,3,1,3,23,3
23,11,5,17,30,2,16,22,41,22,0,0,6,6,5,20,27,23.4,23,2,4,2.8,3,1,3,23,1
24,13,5,13,34,2,14,22,41,18,0,0,6,6,5,20,25,22.6,23,2,4,3.2,4,1,3,23,1
25,15,5,9,37,2,13,22,41,14,1,1,6,5,5,20,24,22.0,22,2,5,3.4,4,0,4,30,3
26,11,5,3,43,2,13,18,68,8,0,0,6,6,5,18,23,20.8,21,2,5,3.4,4,1,4,30,2
27,11,5,45,0,3,11,18,61,50,0,0,8,8,5,18,23,20.2,20,2,5,3.8,4,1,4,30,1
28,13,5,39,8,3,11,18,61,44,0,0,8,8,5,14,23,18.6,18,2,5,3.8,4,1,4,30,1
29,15,5,31,12,3,11,18,61,36,1,1,8,7,5,14,20,17.8,18,2,5,3.8,4,1,4,30,3
30,12,5,25,18,3,11,15,65,30,0,0,8,8,5,14,19,16.6,17,2,5,3.8,4,1,4,37,1
31,14,5,15,18,3,11,15,65,20,0,0,8,8,5,14,19,16.6,17,2,5,3.8,4,1,4,37,1
32,16,5,7,20,3,11,15,65,12,1,1,8,7,5,14,19,16.2,16,2,5,3.8,4,1,4,37,3
33,12,5,1,30,3,11,11,86,6,0,0,8,8,5,11,17,14.2,14,2,5,3.8,4,1,4,37,2
34,12,5,25,3,4,10,11,99,30,0,0,8,8,5,11,16,13.6,14,2,5,4.0,4,1,4,52,2
35,12,5,17,3,5,9,11,87,22,1,1,9,8,5,11,16,13.6,14,2,5,4.2,5,1,4,52,3
36,10,5,11,10,5,9,9,113,16,0,0,9,9,5,9,16,12.2,13,2,5,4.2,5,1,4,52,2
37,10,5,7,13,6,7,9,93,12,1,1,12,11,5,9,14,11.6,13,3,6,4.6,5,1,4,52,3
38,8,5,5,21,6,6,7,95,10,0,0,12,12,5,7,13,10.0,10,3,6,4.8,5,1,4,52,1
39,10,5,20,0,6,4,7,95,25,0,0,12,12,5,7,13,10.0,10,3,6,5.2,6,1,4,52,1
40,12,5,14,3,6,4,7,95,19,1,1,12,11,5,7,13,9.4,8,3,6,5.2,6,1,4,52,3
41,6,5,10,17,6,4,1,150,15,0,0,0,0,5,1,12,6.6,8,3,6,5.2,6,1,4,52,1
1,4,5,89,0,2,22,45,-24,94,4,4,9,5,4,45,45,45.0,45.0,2,2,2.0,2.0,0,0,0,3
2,3,5,87,3,2,22,44,-23,92,3,3,9,6,4,44,45,44.25,44.0,2,2,2.0,2.0,2,0,0,3
3,1,5,81,5,2,22,42,-21,86,0,0,9,9,4,42,45,43.75,44.0,2,2,2.0,2.0,2,0,1,1
4,3,5,79,11,2,22,42,-21,84,0,0,9,9,4,42,43,42.25,42.0,2,2,2.0,2.0,2,0,1,1
5,5,5,71,11,2,22,42,-21,76,0,0,9,9,4,42,43,42.25,42.0,2,2,2.0,2.0,2,0,3,1
6,7,5,67,15,2,22,42,-21,72,3,3,9,6,4,40,43,41.25,41.0,2,2,2.0,2.0,2,0,3,3
7,5,5,61,17,2,22,40,-19,66,2,2,9,7,4,40,43,40.75,40.0,2,2,2.0,2.0,2,0,5,3
8,3,5,59,25,2,22,38,-17,64,0,0,9,9,4,38,40,38.75,38.5,2,2,2.0,2.0,2,0,5,1
9,5,5,53,27,2,22,38,-17,58,1,1,9,8,4,38,39,38.25,38.0,2,2,2.0,2.0,2,0,7,3
10,3,5,47,29,2,22,36,-15,52,0,0,9,9,4,36,39,37.75,38.0,2,2,2.0,2.0,2,0,7,1
11,5,5,43,34,2,22,36,-15,48,0,0,9,9,4,36,38,36.5,36.0,2,2,2.0,2.0,2,0,7,1
12,7,5,35,34,2,22,36,-15,40,0,0,9,9,4,36,38,36.5,36.0,2,2,2.0,2.0,2,0,7,1
13,9,5,29,37,2,22,36,-15,34,1,1,9,8,4,35,36,35.75,36.0,2,2,2.0,2.0,2,0,7,3
14,6,5,23,40,2,22,33,-11,28,0,0,9,9,4,33,36,35.0,35.5,2,2,2.0,2.0,1,1,11,1
15,8,5,17,42,2,22,33,-11,22,0,0,9,9,4,33,36,34.5,34.5,2,2,2.0,2.0,1,1,11,1
16,10,5,11,42,2,21,33,-11,16,2,2,9,7,4,33,36,34.5,34.5,2,3,2.25,2.0,1,1,11,3
17,7,5,7,48,2,21,30,7,12,0,0,9,9,4,30,36,33.0,33.0,2,3,2.25,2.0,1,1,11,1
18,9,5,47,0,2,21,30,7,52,0,0,9,9,4,30,36,33.0,33.0,2,3,2.25,2.0,1,1,15,1
19,11,5,41,6,2,21,30,7,46,0,0,9,9,4,30,34,31.5,31.0,2,3,2.25,2.0,1,1,15,1
20,13,5,35,9,2,21,30,7,40,0,0,9,9,4,30,32,30.75,30.5,2,3,2.25,2.0,1,1,15,1
21,15,5,27,9,2,21,30,7,32,4,4,9,7,4,30,32,30.75,30.5,2,3,2.25,2.0,1,1,15,3
22,11,5,25,21,2,21,26,14,30,0,0,9,9,4,26,31,27.75,27.0,2,3,2.25,2.0,1,1,15,1
23,13,5,21,21,2,19,26,14,26,0,0,9,9,4,26,31,27.75,27.0,2,3,2.75,3.0,0,2,25,1
24,15,5,17,24,2,19,26,14,22,0,0,9,9,4,25,31,27.0,26.0,2,3,2.75,3.0,1,2,25,1
25,17,5,15,30,2,19,26,14,20,0,0,9,9,4,23,28,25.5,25.5,2,3,2.75,3.0,1,2,26,1
26,19,5,11,32,2,18,26,14,16,1,1,9,8,4,23,28,25.0,24.5,2,4,3.0,3.0,1,2,27,3
27,14,5,11,48,2,18,21,58,16,0,0,9,9,4,20,22,21.0,21.0,2,4,3.0,3.0,1,2,29,2
28,14,5,9,50,3,16,21,41,14,0,0,10,10,4,19,22,20.5,20.5,3,5,3.5,3.0,1,2,31,1
29,16,5,3,52,3,16,21,41,8,0,0,10,10,4,18,22,20.0,20.0,3,5,3.5,3.0,0,3,33,1
30,18,5,49,0,3,15,21,41,54,0,0,10,10,4,18,22,20.0,20.0,3,5,3.75,3.5,0,3,33,1
31,20,5,45,10,3,15,21,41,50,0,0,10,10,4,14,21,17.5,17.5,3,5,3.75,3.5,1,3,33,1
32,22,5,37,10,3,15,21,41,42,0,0,10,10,4,14,21,17.5,17.5,3,5,3.75,3.5,1,3,33,1
33,24,5,29,10,3,15,21,41,34,3,3,10,9,4,14,21,17.5,17.5,3,5,3.75,3.5,1,3,33,3
34,19,5,25,19,3,15,16,85,30,0,0,10,10,4,14,16,15.25,15.5,3,5,3.75,3.5,1,3,33,2
35,19,5,23,25,4,13,16,65,28,6,6,16,10,4,8,16,13.75,15.5,3,5,4.25,4.5,0,4,40,3
36,18,5,17,26,4,13,15,66,22,5,5,16,11,4,8,16,13.5,15.0,3,5,4.25,4.5,1,4,40,3
37,17,5,11,27,4,13,14,67,16,4,4,16,12,4,8,16,13.25,14.5,3,5,4.25,4.5,1,4,40,3
38,15,5,5,29,4,13,12,69,10,3,3,16,13,4,8,16,12.75,13.5,3,5,4.25,4.5,1,4,40,3
39,13,5,1,37,4,13,10,71,6,2,0,0,0,4,8,16,10.75,9.5,3,5,4.25,4.5,1,4,40,3
40,10,5,37,6,4,13,7,75,42,1,0,0,0,4,7,10,8.5,8.5,3,5,4.25,4.5,1,4,55,3
41,8,5,31,8,4,13,5,117,36,0,0,0,0,4,5,10,8.0,8.5,3,5,4.25,4.5,1,4,55,1
42,10,5,23,8,4,13,5,117,28,0,0,0,0,4,5,10,8.0,8.5,3,5,4.25,4.5,1,4,55,1
43,12,5,19,19,4,13,5,117,24,0,0,0,0,4,3,10,5.25,4.0,3,5,4.25,4.5,1,4,55,1
44,14,5,11,19,4,13,5,117,16,0,0,0,0,4,3,10,5.25,4.0,3,5,4.25,4.5,1,4,70,1
45,16,5,5,24,4,13,5,117,10,0,0,0,0,4,3,5,4.0,4.0,3,5,4.25,4.5,1,4,70,1
46,18,5,21,0,4,13,5,117,26,0,0,0,0,4,3,5,4.0,4.0,3,5,4.25,4.5,1,4,70,1
47,20,5,13,0,4,13,5,117,18,0,0,0,0,4,3,5,4.0,4.0,3,5,4.25,4.5,1,4,70,1
48,22,5,5,0,4,13,5,117,10,0,0,0,0,4,3,5,4.0,4.0,3,5,4.25,4.5,1,4,70,1
49,24,2,0,0,4,13,5,117,2,0,0,0,0,4,3,5,4.0,4.0,3,5,4.25,4.5,1,4,70,1
50,26,0,0,0,4,10,5,117,0,0,0,0,0,4,3,5,4.0,4.0,4,6,5.0,5.0,1,4,70,2
51,26,0,0,7,5,9,5,106,0,1,0,0,0,4,1,5,2.25,1.5,4,6,5.25,5.5,2,4,70,3
1,4,5,89,3,2,22,45,-14,94,4,4,6,2,4,44,45,44.25,44.0,2,2,2.0,2.0,2,0,0,3
2,2,5,85,7,2,22,43,-12,90,0,0,6,6,4,42,44,43.25,43.5,2,2,2.0,2.0,2,0,1,1
3,4,5,77,7,2,22,43,-12,82,4,4,6,2,4,42,44,43.25,43.5,2,2,2.0,2.0,2,0,3,3
4,2,5,75,13,2,22,41,-10,80,0,0,6,6,4,41,42,41.75,42.0,2,2,2.0,2.0,2,0,3,1
5,4,5,69,15,2,22,41,-10,74,2,2,6,4,4,40,42,41.25,41.5,2,2,2.0,2.0,2,0,3,3
6,2,5,67,21,2,22,39,-8,72,0,0,6,6,4,39,40,39.75,40.0,2,2,2.0,2.0,2,0,5,1
7,4,5,63,25,2,22,39,-8,68,2,2,6,4,4,38,40,38.75,38.5,2,2,2.0,2.0,2,0,5,3
8,2,5,59,29,2,22,37,-6,64,0,0,6,6,4,37,38,37.75,38.0,2,2,2.0,2.0,2,0,7,1
9,4,5,57,36,2,22,37,-6,62,1,1,6,5,4,35,37,36.0,36.0,2,2,2.0,2.0,2,0,7,3
10,2,5,51,38,2,22,35,8,56,1,1,6,5,4,35,36,35.5,35.5,2,2,2.0,2.0,1,1,11,3
11,1,5,47,41,2,22,34,25,52,0,0,6,6,4,34,36,34.75,34.5,2,2,2.0,2.0,1,1,11,1
12,3,5,39,41,2,22,34,25,44,0,0,6,6,4,34,36,34.75,34.5,2,2,2.0,2.0,1,1,11,1
13,5,5,33,43,2,22,34,25,38,0,0,6,6,4,32,36,34.25,34.5,2,2,2.0,2.0,1,1,11,1
14,7,5,29,50,2,22,34,25,34,0,0,6,6,4,31,34,32.5,32.5,2,2,2.0,2.0,1,1,11,1
15,9,5,21,50,2,22,34,25,26,0,0,6,6,4,31,34,32.5,32.5,2,2,2.0,2.0,0,2,18,2
16,9,5,17,50,3,20,34,15,22,0,0,7,7,4,31,34,32.5,32.5,2,3,2.5,2.5,0,2,18,1
17,11,5,13,51,3,19,34,15,18,0,0,7,7,4,30,34,32.25,32.5,2,3,2.75,3.0,1,2,18,1
18,13,5,7,53,3,19,34,15,12,2,2,7,7,4,30,34,31.75,31.5,2,3,2.75,3.0,1,2,19,3
19,7,5,3,62,3,19,28,30,8,0,0,7,7,4,27,33,29.5,29.0,2,3,2.75,3.0,1,2,19,1
20,9,5,67,0,3,19,28,30,72,0,0,7,7,4,27,30,28.0,27.5,2,3,2.75,3.0,1,2,23,1
21,11,5,59,0,3,19,28,30,64,0,0,7,7,4,27,30,28.0,27.5,2,3,2.75,3.0,1,2,23,1
22,13,5,51,0,3,19,28,30,56,0,0,7,7,4,27,30,28.0,27.5,2,3,2.75,3.0,1,2,23,1
23,15,5,43,0,3,19,28,30,48,0,0,7,7,4,27,30,28.0,27.5,2,3,2.75,3.0,1,2,23,1
24,17,5,37,3,3,19,28,30,42,6,6,7,6,4,24,30,27.25,27.5,2,3,2.75,3.0,1,2,23,3
25,12,5,33,8,3,18,23,60,38,0,0,7,7,4,23,30,26.0,25.5,2,4,3.0,3.0,1,2,23,2
26,12,5,31,15,4,17,23,48,36,1,1,10,9,4,23,27,24.25,23.5,2,4,3.25,3.5,1,2,23,3
27,10,5,27,18,4,17,21,50,32,0,0,10,10,4,21,27,23.5,23.0,2,4,3.25,3.5,1,2,23,1
28,12,5,21,22,4,17,21,50,26,1,1,10,9,4,20,27,22.5,21.5,2,4,3.25,3.5,1,2,23,3
29,8,5,19,31,4,16,17,81,24,0,0,10,10,4,17,22,20.25,21.0,3,4,3.5,3.5,1,2,23,2
30,8,5,15,31,5,14,17,68,20,0,0,11,11,4,17,22,20.25,21.0,3,5,4.0,4.0,0,3,33,1
31,10,5,9,34,5,14,17,68,14,1,1,11,10,4,17,22,19.5,19.5,3,5,4.0,4.0,1,3,33,3
32,7,5,5,40,5,14,14,98,10,0,0,11,11,4,14,20,18.0,19.0,3,5,4.0,4.0,1,3,37,1
33,9,5,37,0,5,14,14,98,42,0,0,11,11,4,14,20,18.0,19.0,3,5,4.0,4.0,1,3,37,2
34,9,5,31,0,6,13,14,107,36,0,0,11,11,4,14,20,18.0,19.0,3,6,4.25,4.0,1,3,37,2
35,9,5,29,10,7,12,14,99,34,0,0,12,12,4,14,19,15.5,14.5,3,7,4.5,4.0,1,3,37,1
36,11,5,25,16,7,11,14,99,30,0,0,12,12,4,13,15,14.0,14.0,3,7,4.75,4.5,0,4,44,1
37,13,5,21,25,7,11,14,99,26,2,2,12,11,4,8,14,11.75,12.5,3,7,4.75,4.5,1,4,44,3
38,7,5,17,31,7,10,8,114,22,0,0,12,12,4,8,13,10.25,10.0,3,7,5.0,5.0,0,5,48,1
39,9,5,9,31,7,10,8,114,14,0,0,12,12,4,8,13,10.25,10.0,3,7,5.0,5.0,1,5,48,1
40,11,5,3,37,7,10,8,114,8,0,0,12,12,4,7,12,8.75,8.0,3,7,5.0,5.0,1,5,48,1
41,13,5,36,11,7,10,8,114,41,0,0,12,12,4,3,8,6.0,6.5,3,7,5.0,5.0,1,5,48,1
42,15,5,28,11,7,10,8,114,33,0,0,12,12,4,3,8,6.0,6.5,3,7,5.0,5.0,1,5,63,1
43,17,5,20,11,7,10,8,114,25,0,0,12,12,4,3,8,6.0,6.5,3,7,5.0,5.0,1,5,63,1
44,19,5,12,11,7,10,8,114,17,0,0,12,12,4,3,8,6.0,6.5,3,7,5.0,5.0,1,5,63,1
45,21,5,4,11,7,10,8,114,9,0,0,12,12,4,3,8,6.0,6.5,3,7,5.0,5.0,1,5,63,1
46,23,5,9,3,7,10,8,114,14,1,1,12,11,4,3,8,5.25,5.0,3,7,5.0,5.0,1,5,63,3
47,17,5,3,9,7,10,2,145,8,0,0,12,12,4,2,7,3.75,3.0,3,7,5.0,5.0,0,6,67,1
1,4,5,97,0,2,26,45,-19,102,1,1,5,4,2,45,45,45.0,45.0,2,2,2.0,2.0,0,0,0,3
2,3,5,97,3,2,26,44,-18,102,0,0,5,5,2,43,44,43.5,43.5,2,2,2.0,2.0,2,0,0,1
3,5,5,93,3,2,26,44,-18,98,0,0,5,5,2,43,44,43.5,43.5,2,2,2.0,2.0,2,0,2,1
4,7,5,89,3,2,26,44,-18,94,2,2,5,3,2,43,44,43.5,43.5,2,2,2.0,2.0,2,0,2,3
5,5,5,87,5,2,26,42,-16,92,0,0,5,5,2,42,43,42.5,42.5,2,2,2.0,2.0,2,0,2,1
6,7,5,85,7,2,26,42,-16,90,1,1,5,4,2,41,42,41.5,41.5,2,2,2.0,2.0,2,0,2,3
7,5,5,85,10,2,26,40,-14,90,0,0,5,5,2,40,40,40.0,40.0,2,2,2.0,2.0,2,0,4,1
8,7,5,81,10,2,26,40,-14,86,0,0,5,5,2,40,40,40.0,40.0,2,2,2.0,2.0,2,0,5,1
9,9,5,79,12,2,26,40,-14,84,0,0,5,5,2,38,40,39.0,39.0,2,2,2.0,2.0,2,0,5,1
10,11,5,77,14,2,26,40,-14,82,0,0,5,5,2,36,40,38.0,38.0,2,2,2.0,2.0,2,0,7,1
11,13,5,73,14,2,26,40,-14,78,0,0,5,5,2,36,40,38.0,38.0,2,2,2.0,2.0,2,0,9,1
12,15,5,71,16,2,26,40,-14,76,1,1,5,4,2,34,40,37.0,37.0,2,2,2.0,2.0,2,0,9,3
13,12,5,69,19,2,26,37,8,74,0,0,5,5,2,34,37,35.5,35.5,2,2,2.0,2.0,2,0,11,1
14,14,5,67,22,2,26,37,8,72,0,0,5,5,2,31,37,34.0,34.0,2,2,2.0,2.0,2,0,11,1
15,16,5,63,22,2,26,37,8,68,2,2,5,5,2,31,37,34.0,34.0,2,2,2.0,2.0,1,1,15,3
16,10,5,61,28,2,26,31,23,66,0,0,5,5,2,31,31,31.0,31.0,2,2,2.0,2.0,1,1,15,1
17,12,5,57,28,2,26,31,23,62,0,0,5,5,2,31,31,31.0,31.0,2,2,2.0,2.0,1,1,15,1
18,14,5,53,28,2,26,31,23,58,0,0,5,5,2,31,31,31.0,31.0,2,2,2.0,2.0,1,1,15,1
19,16,5,49,28,2,26,31,23,54,0,0,5,5,2,31,31,31.0,31.0,2,2,2.0,2.0,1,1,15,1
20,18,5,47,32,2,26,31,23,52,0,0,5,5,2,27,31,29.0,29.0,2,2,2.0,2.0,1,1,15,1
21,20,5,45,32,2,25,31,23,50,0,0,5,5,2,27,31,29.0,29.0,2,3,2.5,2.5,0,2,22,1
22,22,5,43,34,2,25,31,23,48,2,2,5,5,2,25,31,28.0,28.0,2,3,2.5,2.5,1,2,22,3
23,16,5,41,40,2,25,25,38,46,2,2,7,5,2,25,25,25.0,25.0,2,3,2.5,2.5,0,3,24,3
24,15,5,41,41,2,24,24,39,46,1,1,7,6,2,24,25,24.5,24.5,2,4,3.0,3.0,0,3,24,3
25,13,5,41,45,2,24,22,61,46,0,0,7,7,2,22,23,22.5,22.5,2,4,3.0,3.0,1,3,24,2
26,13,5,39,45,3,23,22,57,44,2,2,9,7,2,22,23,22.5,22.5,3,4,3.5,3.5,1,3,26,3
27,11,5,37,47,3,23,20,59,42,1,1,9,8,2,20,23,21.5,21.5,3,4,3.5,3.5,1,3,26,3
28,9,5,35,49,3,23,18,69,40,0,0,9,9,2,18,23,20.5,20.5,3,4,3.5,3.5,1,3,26,2
29,9,5,33,49,4,22,18,56,38,1,1,11,10,2,18,23,20.5,20.5,4,4,4.0,4.0,1,3,26,3
30,7,5,31,51,4,22,16,58,36,0,0,11,11,2,16,23,19.5,19.5,4,4,4.0,4.0,1,3,26,1
31,9,5,27,51,4,22,16,58,32,0,0,11,11,2,16,23,19.5,19.5,4,4,4.0,4.0,1,3,26,1
32,11,5,23,51,4,22,16,58,28,0,0,11,11,2,16,23,19.5,19.5,4,4,4.0,4.0,1,3,26,1
33,13,5,21,55,4,22,16,58,26,0,0,11,11,2,16,19,17.5,17.5,4,4,4.0,4.0,1,3,26,1
34,15,5,17,55,4,22,16,58,22,0,0,11,11,2,16,19,17.5,17.5,4,4,4.0,4.0,1,3,33,1
35,17,5,13,55,4,22,16,58,18,0,0,11,11,2,16,19,17.5,17.5,4,4,4.0,4.0,1,3,33,1
36,19,5,9,55,4,22,16,58,14,0,0,11,11,2,16,19,17.5,17.5,4,4,4.0,4.0,1,3,33,1
37,21,5,7,61,4,22,16,58,12,1,1,11,10,2,13,16,14.5,14.5,4,4,4.0,4.0,1,3,33,3
38,16,5,7,68,4,22,11,94,12,0,0,11,11,2,11,11,11.0,11.0,4,4,4.0,4.0,1,3,48,2
39,16,5,7,68,6,19,11,107,12,0,0,11,11,2,11,11,11.0,11.0,5,6,5.5,5.5,0,4,50,2
40,16,5,7,70,7,18,11,98,12,1,1,12,11,2,9,11,10.0,10.0,5,7,6.0,6.0,1,4,50,3
41,13,5,7,73,7,17,8,120,12,0,0,12,12,2,8,9,8.5,8.5,6,7,6.5,6.5,0,5,52,2
42,13,5,7,75,8,16,8,112,12,3,3,15,12,2,7,8,7.5,7.5,6,8,7.0,7.0,1,5,52,3
43,11,5,5,77,8,16,6,114,10,2,2,15,13,2,6,7,6.5,6.5,6,8,7.0,7.0,1,5,54,3
44,8,5,3,80,8,16,3,118,8,1,1,15,14,2,3,7,5.0,5.0,6,8,7.0,7.0,1,5,54,3
45,5,5,1,83,8,16,0,138,6,0,0,0,0,2,0,7,3.5,3.5,6,8,7.0,7.0,1,5,54,1
1,4,5,97,0,2,26,45,-11,102,2,2,4,2,2,45,45,45.0,45.0,2,2,2.0,2.0,0,0,0,3
2,2,5,97,3,2,26,43,-9,102,0,0,4,4,2,43,44,43.5,43.5,2,2,2.0,2.0,2,0,0,1
3,4,5,93,3,2,26,43,-9,98,1,1,4,3,2,43,44,43.5,43.5,2,2,2.0,2.0,2,0,1,3
4,2,5,91,5,2,26,41,1,96,0,0,4,4,2,41,44,42.5,42.5,2,2,2.0,2.0,2,0,1,1
5,4,5,89,7,2,26,41,1,94,0,0,4,4,2,41,42,41.5,41.5,2,2,2.0,2.0,2,0,1,1
6,6,5,87,9,2,26,41,1,92,1,1,4,3,2,40,41,40.5,40.5,2,2,2.0,2.0,2,0,3,3
7,2,5,85,13,2,26,37,8,90,0,0,4,4,2,37,40,38.5,38.5,2,2,2.0,2.0,2,0,5,1
8,4,5,83,15,2,26,37,8,88,0,0,4,4,2,37,38,37.5,37.5,2,2,2.0,2.0,2,0,5,1
9,6,5,79,15,2,26,37,8,84,0,0,4,4,2,37,38,37.5,37.5,2,2,2.0,2.0,2,0,7,1
10,8,5,77,17,2,26,37,8,82,0,0,4,4,2,36,37,36.5,36.5,2,2,2.0,2.0,2,0,7,1
11,10,5,73,17,2,26,37,8,78,1,1,4,3,2,36,37,36.5,36.5,2,2,2.0,2.0,1,1,9,3
12,7,5,73,22,2,26,34,26,78,0,0,4,4,2,34,34,34.0,34.0,2,2,2.0,2.0,1,1,9,1
13,9,5,69,22,2,26,34,26,74,0,0,4,4,2,34,34,34.0,34.0,2,2,2.0,2.0,0,2,11,2
14,9,5,67,22,3,25,34,15,72,0,0,7,7,2,34,34,34.0,34.0,2,3,2.5,2.5,0,2,11,1
15,11,5,63,22,3,25,34,15,68,0,0,7,7,2,34,34,34.0,34.0,2,3,2.5,2.5,0,2,11,1
16,13,5,61,22,3,24,34,15,66,1,1,7,6,2,34,34,34.0,34.0,3,3,3.0,3.0,0,2,11,3
17,10,5,61,26,3,24,31,19,66,0,0,7,7,2,31,33,32.0,32.0,3,3,3.0,3.0,1,2,11,1
18,12,5,59,28,3,24,31,19,64,0,0,7,7,2,31,31,31.0,31.0,3,3,3.0,3.0,1,2,12,1
19,14,5,55,28,3,24,31,19,60,0,0,7,7,2,31,31,31.0,31.0,3,3,3.0,3.0,0,3,14,1
20,16,5,53,28,3,23,31,19,58,1,1,7,6,2,31,31,31.0,31.0,3,4,3.5,3.5,0,3,14,3
21,12,5,53,34,3,23,27,26,58,0,0,7,7,2,27,29,28.0,28.0,3,4,3.5,3.5,1,3,14,1
22,14,5,51,36,3,23,27,26,56,0,0,7,7,2,27,27,27.0,27.0,3,4,3.5,3.5,1,3,16,1
23,16,5,49,38,3,23,27,26,54,0,0,7,7,2,25,27,26.0,26.0,3,4,3.5,3.5,1,3,18,1
24,18,5,45,38,3,23,27,26,50,0,0,7,7,2,25,27,26.0,26.0,3,4,3.5,3.5,0,4,20,1
25,20,5,41,38,3,23,27,26,46,2,2,7,7,2,25,27,26.0,26.0,3,4,3.5,3.5,0,4,20,3
26,14,5,39,44,3,23,21,41,44,0,0,7,7,2,21,25,23.0,23.0,3,4,3.5,3.5,0,4,20,1
27,16,5,37,44,3,22,21,41,42,0,0,7,7,2,21,25,23.0,23.0,3,5,4.0,4.0,0,4,20,1
28,18,5,35,47,3,22,21,41,40,0,0,7,7,2,21,22,21.5,21.5,3,5,4.0,4.0,1,4,20,1
29,20,5,31,47,3,22,21,41,36,0,0,7,7,2,21,22,21.5,21.5,3,5,4.0,4.0,0,5,24,1
30,22,5,27,47,3,22,21,41,32,0,0,7,7,2,21,22,21.5,21.5,3,5,4.0,4.0,0,5,24,1
31,24,5,25,47,3,21,21,41,30,0,0,7,7,2,21,22,21.5,21.5,3,6,4.5,4.5,0,5,24,1
32,26,5,21,47,3,21,21,41,26,4,4,7,6,2,21,22,21.5,21.5,3,6,4.5,4.5,1,5,24,3
33,22,5,19,51,3,21,17,70,24,0,0,7,7,2,17,22,19.5,19.5,3,6,4.5,4.5,1,5,24,2
34,22,5,19,55,4,20,17,57,24,2,2,9,7,2,17,18,17.5,17.5,4,6,5.0,5.0,1,5,24,3
35,19,5,19,58,4,19,14,61,24,1,1,9,8,2,14,18,16.0,16.0,4,7,5.5,5.5,0,6,31,3
36,16,5,17,61,4,19,11,91,22,0,0,9,9,2,11,18,14.5,14.5,4,7,5.5,5.5,1,6,31,2
37,16,5,15,61,5,18,11,78,20,1,1,11,10,2,11,18,14.5,14.5,5,7,6.0,6.0,1,6,31,3
38,15,5,13,62,5,18,10,105,18,0,0,11,11,2,10,18,14.0,14.0,5,7,6.0,6.0,1,6,31,2
39,15,5,11,62,6,17,10,94,16,1,1,12,11,2,10,18,14.0,14.0,6,7,6.5,6.5,1,6,31,3
40,14,5,11,69,6,17,9,117,16,0,0,12,12,2,9,12,10.5,10.5,6,7,6.5,6.5,1,6,31,2
41,14,5,9,69,7,16,9,95,14,2,2,14,12,2,9,12,10.5,10.5,7,7,7.0,7.0,1,6,46,3
42,12,5,7,71,7,16,7,97,12,1,1,14,13,2,7,12,9.5,9.5,7,7,7.0,7.0,1,6,46,3
43,10,5,5,73,7,16,5,143,10,0,0,14,14,2,5,12,8.5,8.5,7,7,7.0,7.0,1,6,46,1
44,12,5,1,73,7,16,5,143,6,0,0,14,14,2,5,12,8.5,8.5,7,7,7.0,7.0,1,6,46,1
45,14,5,72,6,7,16,5,143,77,0,0,14,14,2,5,6,5.5,5.5,7,7,7.0,7.0,1,6,46,1
46,16,5,68,6,7,16,5,143,73,0,0,14,14,2,5,6,5.5,5.5,7,7,7.0,7.0,1,6,61,1
47,18,5,64,6,7,16,5,143,69,0,0,14,14,2,5,6,5.5,5.5,7,7,7.0,7.0,1,6,61,1
48,20,5,60,6,7,16,5,143,65,0,0,14,14,2,5,6,5.5,5.5,7,7,7.0,7.0,1,6,61,1
49,22,5,58,12,7,16,5,143,63,0,0,14,14,2,0,5,2.5,2.5,7,7,7.0,7.0,1,6,61,1
1,4,5,97,0,2,26,45,-20,102,1,1,4,3,2,45,45,45.0,45.0,2,2,2.0,2.0,0,0,0,3
2,3,5,97,2,2,26,44,-19,102,0,0,4,4,2,44,44,44.0,44.0,2,2,2.0,2.0,2,0,0,1
3,5,5,95,3,2,26,44,-19,100,1,1,4,3,2,43,44,43.5,43.5,2,2,2.0,2.0,2,0,1,3
4,2,5,95,8,2,26,41,-15,100,0,0,4,4,2,41,41,41.0,41.0,2,2,2.0,2.0,2,0,2,1
5,4,5,91,8,2,26,41,-15,96,0,0,4,4,2,41,41,41.0,41.0,2,2,2.0,2.0,2,0,4,1
6,6,5,87,8,2,26,41,-15,92,1,1,4,3,2,41,41,41.0,41.0,2,2,2.0,2.0,2,0,4,3
7,3,5,87,13,2,26,38,-11,92,0,0,4,4,2,38,39,38.5,38.5,2,2,2.0,2.0,2,0,4,1
8,5,5,85,15,2,26,38,-11,90,0,0,4,4,2,37,38,37.5,37.5,2,2,2.0,2.0,2,0,6,1
9,7,5,81,15,2,26,38,-11,86,0,0,4,4,2,37,38,37.5,37.5,2,2,2.0,2.0,2,0,8,1
10,9,5,77,15,2,26,38,-11,82,0,0,4,4,2,37,38,37.5,37.5,2,2,2.0,2.0,2,0,8,1
11,11,5,75,17,2,26,38,-11,80,0,0,4,4,2,35,38,36.5,36.5,2,2,2.0,2.0,2,0,8,1
12,13,5,71,17,2,26,38,-11,76,0,0,4,4,2,35,38,36.5,36.5,2,2,2.0,2.0,2,0,10,1
13,15,5,69,19,2,26,38,-11,74,0,0,4,4,2,33,38,35.5,35.5,2,2,2.0,2.0,2,0,10,1
14,17,5,65,19,2,26,38,-11,70,0,0,4,4,2,33,38,35.5,35.5,2,2,2.0,2.0,1,1,12,1
15,19,5,61,19,2,26,38,-11,66,0,0,4,4,2,33,38,35.5,35.5,2,2,2.0,2.0,1,1,12,1
16,21,5,59,21,2,26,38,-11,64,2,2,4,4,2,31,38,34.5,34.5,2,2,2.0,2.0,1,1,12,3
17,15,5,57,27,2,26,32,4,62,0,0,4,4,2,31,32,31.5,31.5,2,2,2.0,2.0,1,1,14,1
18,17,5,55,30,2,26,32,4,60,0,0,4,4,2,28,32,30.0,30.0,2,2,2.0,2.0,1,1,14,1
19,19,5,51,30,2,26,32,4,56,0,0,4,4,2,28,32,30.0,30.0,2,2,2.0,2.0,1,1,18,1
20,21,5,47,30,2,26,32,4,52,0,0,4,4,2,28,32,30.0,30.0,2,2,2.0,2.0,1,1,18,1
21,23,5,43,30,2,26,32,4,48,0,0,4,4,2,28,32,30.0,30.0,2,2,2.0,2.0,1,1,18,1
22,25,5,39,30,2,26,32,4,44,2,2,4,4,2,28,32,30.0,30.0,2,2,2.0,2.0,1,1,18,3
23,19,5,37,36,2,26,26,19,42,0,0,4,4,2,26,28,27.0,27.0,2,2,2.0,2.0,1,1,18,1
24,21,5,33,36,2,26,26,19,38,0,0,4,4,2,26,28,27.0,27.0,2,2,2.0,2.0,1,1,18,1
25,23,5,29,36,2,26,26,19,34,0,0,4,4,2,26,28,27.0,27.0,2,2,2.0,2.0,1,1,18,1
26,25,5,27,40,2,26,26,19,32,0,0,4,4,2,24,26,25.0,25.0,2,2,2.0,2.0,1,1,18,1
27,27,5,25,40,2,25,26,19,30,1,1,4,3,2,24,26,25.0,25.0,2,3,2.5,2.5,0,2,25,3
28,22,5,25,45,2,24,21,69,30,0,0,4,4,2,21,24,22.5,22.5,2,4,3.0,3.0,0,3,25,2
29,22,5,25,46,3,23,21,56,30,2,2,6,4,2,21,23,22.0,22.0,3,4,3.5,3.5,1,3,25,3
30,21,5,25,49,3,23,20,57,30,1,1,6,5,2,20,21,20.5,20.5,3,4,3.5,3.5,1,3,26,3
31,18,5,25,52,3,22,17,87,30,0,0,6,6,2,17,21,19.0,19.0,3,5,4.0,4.0,0,4,28,2
32,18,5,25,54,4,21,17,78,30,2,2,10,8,2,17,19,18.0,18.0,4,5,4.5,4.5,1,4,28,3
33,15,5,25,59,4,21,14,82,30,1,1,10,9,2,14,17,15.5,15.5,4,5,4.5,4.5,1,4,30,3
34,12,5,23,62,4,21,11,104,28,0,0,10,10,2,11,17,14.0,14.0,4,5,4.5,4.5,0,5,32,2
35,12,5,23,62,5,19,11,88,28,1,1,11,10,2,11,17,14.0,14.0,5,6,5.5,5.5,0,5,32,3
36,9,5,23,65,5,18,8,124,28,0,0,11,11,2,8,17,12.5,12.5,5,7,6.0,6.0,0,6,32,2
37,9,5,21,65,6,17,8,104,26,0,0,12,12,2,8,17,12.5,12.5,6,7,6.5,6.5,1,6,32,1
38,11,5,17,65,6,17,8,104,22,0,0,12,12,2,8,17,12.5,12.5,6,7,6.5,6.5,1,6,32,1
39,13,5,13,65,6,17,8,104,18,0,0,12,12,2,8,17,12.5,12.5,6,7,6.5,6.5,1,6,32,1
40,15,5,9,65,6,17,8,104,14,0,0,12,12,2,8,17,12.5,12.5,6,7,6.5,6.5,1,6,32,1
41,17,5,5,65,6,17,8,104,10,0,0,12,12,2,8,17,12.5,12.5,6,7,6.5,6.5,1,6,32,1
42,19,5,3,69,6,17,8,104,8,0,0,12,12,2,8,13,10.5,10.5,6,7,6.5,6.5,1,6,32,1
43,21,5,1,69,6,16,8,104,6,0,0,12,12,2,8,13,10.5,10.5,6,8,7.0,7.0,0,7,39,1
44,23,5,68,2,6,16,8,104,73,1,1,12,11,2,8,11,9.5,9.5,6,8,7.0,7.0,1,7,39,3
45,18,5,66,7,6,16,3,154,71,0,0,12,12,2,3,11,7.0,7.0,6,8,7.0,7.0,0,8,41,1
46,20,5,62,7,6,16,3,154,67,0,0,12,12,2,3,11,7.0,7.0,6,8,7.0,7.0,0,8,41,1
47,22,5,58,7,6,16,3,154,63,0,0,12,12,2,3,11,7.0,7.0,6,8,7.0,7.0,0,8,41,1
48,24,5,54,7,6,16,3,154,59,0,0,12,12,2,3,11,7.0,7.0,6,8,7.0,7.0,0,8,41,1
49,26,5,50,7,6,16,3,154,55,0,0,12,12,2,3,11,7.0,7.0,6,8,7.0,7.0,0,8,41,1
50,28,5,46,7,6,16,3,154,51,0,0,12,12,2,3,11,7.0,7.0,6,8,7.0,7.0,0,8,41,1
51,30,5,42,7,6,16,3,154,47,0,0,12,12,2,3,11,7.0,7.0,6,8,7.0,7.0,0,8,41,1
52,32,5,40,13,6,16,3,154,45,0,0,12,12,2,3,5,4.0,4.0,6,8,7.0,7.0,0,8,41,1
53,34,5,36,13,6,16,3,154,41,0,0,12,12,2,3,5,4.0,4.0,6,8,7.0,7.0,0,8,56,1
54,36,5,32,13,6,16,3,154,37,0,0,12,12,2,3,5,4.0,4.0,6,8,7.0,7.0,0,8,56,1
55,38,5,28,13,6,16,3,154,33,0,0,12,12,2,3,5,4.0,4.0,6,8,7.0,7.0,0,8,56,1
56,40,5,24,13,6,16,3,154,29,0,0,12,12,2,3,5,4.0,4.0,6,8,7.0,7.0,0,8,56,1
57,42,5,20,13,6,16,3,154,25,0,0,12,12,2,3,5,4.0,4.0,6,8,7.0,7.0,0,8,56,1
58,44,5,16,13,6,16,3,154,21,0,0,12,12,2,3,5,4.0,4.0,6,8,7.0,7.0,0,8,56,1
59,46,5,12,13,6,16,3,154,17,0,0,12,12,2,3,5,4.0,4.0,6,8,7.0,7.0,0,8,56,1
60,48,5,8,13,6,16,3,154,13,0,0,12,12,2,3,5,4.0,4.0,6,8,7.0,7.0,0,8,56,1
61,50,5,4,13,6,16,3,154,9,0,0,12,12,2,3,5,4.0,4.0,6,8,7.0,7.0,0,8,56,1
62,52,5,13,0,6,16,3,154,18,0,0,12,12,2,3,5,4.0,4.0,6,8,7.0,7.0,0,8,56,1
63,54,5,9,0,6,16,3,154,14,0,0,12,12,2,3,5,4.0,4.0,6,8,7.0,7.0,0,8,56,1
64,56,5,5,0,6,16,3,154,10,0,0,12,12,2,3,5,4.0,4.0,6,8,7.0,7.0,0,8,56,1
65,58,5,1,0,6,16,3,154,6,0,0,12,12,2,3,5,4.0,4.0,6,8,7.0,7.0,0,8,56,1
1,4,5,97,0,2,26,45,-28,102,2,2,9,7,2,45,45,45.0,45.0,2,2,2.0,2.0,0,0,0,3
2,3,5,97,3,2,26,44,-27,102,0,0,8,8,2,43,44,43.5,43.5,2,2,2.0,2.0,2,0,0,1
3,5,5,93,3,2,26,44,-27,98,1,1,8,7,2,43,44,43.5,43.5,2,2,2.0,2.0,2,0,2,3
4,3,5,91,5,2,26,42,-25,96,0,0,8,8,2,42,43,42.5,42.5,2,2,2.0,2.0,2,0,2,1
5,5,5,89,7,2,26,42,-25,94,0,0,8,8,2,41,42,41.5,41.5,2,2,2.0,2.0,2,0,2,1
6,7,5,85,7,2,26,42,-25,90,2,2,8,6,2,41,42,41.5,41.5,2,2,2.0,2.0,2,0,4,3
7,4,5,85,12,2,26,39,-21,90,0,0,8,8,2,39,39,39.0,39.0,2,2,2.0,2.0,2,0,4,1
8,6,5,81,12,2,26,39,-21,86,1,1,8,7,2,39,39,39.0,39.0,2,2,2.0,2.0,2,0,6,3
9,3,5,79,15,2,26,36,-17,84,0,0,8,8,2,36,39,37.5,37.5,2,2,2.0,2.0,2,0,6,1
10,5,5,77,17,2,26,36,-17,82,0,0,8,8,2,36,37,36.5,36.5,2,2,2.0,2.0,2,0,6,1
11,7,5,73,17,2,26,36,-17,78,0,0,8,8,2,36,37,36.5,36.5,2,2,2.0,2.0,2,0,8,1
12,9,5,69,17,2,26,36,-17,74,0,0,8,8,2,36,37,36.5,36.5,2,2,2.0,2.0,2,0,8,1
13,11,5,65,17,2,26,36,-17,70,0,0,8,8,2,36,37,36.5,36.5,2,2,2.0,2.0,2,0,8,1
14,13,5,61,17,2,26,36,-17,66,2,2,8,6,2,36,37,36.5,36.5,2,2,2.0,2.0,2,0,8,3
15,10,5,59,20,2,26,33,-13,64,2,2,7,5,2,33,37,35.0,35.0,2,2,2.0,2.0,2,0,8,3
16,7,5,59,25,2,26,30,-9,64,0,0,7,7,2,30,35,32.5,32.5,2,2,2.0,2.0,2,0,8,1
17,9,5,55,25,2,26,30,-9,60,1,1,7,6,2,30,35,32.5,32.5,2,2,2.0,2.0,2,0,10,3
18,6,5,53,28,2,26,27,-5,58,0,0,7,7,2,27,35,31.0,31.0,2,2,2.0,2.0,2,0,10,1
19,8,5,49,28,2,26,27,-5,54,0,0,7,7,2,27,35,31.0,31.0,2,2,2.0,2.0,2,0,10,1
20,10,5,47,34,2,26,27,-5,52,0,0,7,7,2,27,29,28.0,28.0,2,2,2.0,2.0,2,0,10,1
21,12,5,43,34,2,26,27,-5,48,1,1,7,6,2,27,29,28.0,28.0,2,2,2.0,2.0,2,0,25,3
22,7,5,41,39,2,26,22,61,46,0,0,7,7,2,22,29,25.5,25.5,2,2,2.0,2.0,2,0,25,1
23,9,5,37,39,2,26,22,61,42,0,0,7,7,2,22,29,25.5,25.5,2,2,2.0,2.0,2,0,25,2
24,9,5,37,43,3,25,22,55,42,2,2,10,8,2,22,25,23.5,23.5,2,3,2.5,2.5,2,0,25,3
25,7,5,35,45,3,25,20,57,40,1,1,10,9,2,20,25,22.5,22.5,2,3,2.5,2.5,1,1,32,3
26,5,5,33,47,3,25,18,59,38,0,0,10,10,2,18,25,21.5,21.5,2,3,2.5,2.5,1,1,32,1
27,7,5,31,53,3,25,18,59,36,1,1,10,9,2,18,19,18.5,18.5,2,3,2.5,2.5,1,1,32,3
28,5,5,29,55,3,25,16,73,34,0,0,10,10,2,16,19,17.5,17.5,2,3,2.5,2.5,1,1,47,1
29,7,5,25,55,3,25,16,73,30,0,0,10,10,2,16,19,17.5,17.5,2,3,2.5,2.5,1,1,47,1
30,9,5,23,61,3,25,16,73,28,0,0,10,10,2,13,16,14.5,14.5,2,3,2.5,2.5,1,1,47,2
31,9,5,21,61,4,24,16,52,26,1,1,11,10,2,13,16,14.5,14.5,2,4,3.0,3.0,1,1,62,3
32,8,5,19,62,4,24,15,95,24,0,0,11,11,2,13,15,14.0,14.0,2,4,3.0,3.0,1,1,62,2
33,8,5,17,62,5,23,15,82,22,2,2,13,11,2,13,15,14.0,14.0,2,5,3.5,3.5,1,1,62,3
34,7,5,17,67,5,23,14,83,22,1,1,13,12,2,9,14,11.5,11.5,2,5,3.5,3.5,1,1,62,3
35,6,5,17,68,5,22,13,110,22,0,0,13,13,2,9,13,11.0,11.0,3,5,4.0,4.0,0,2,69,1
36,8,5,15,70,5,22,13,110,20,0,0,13,13,2,7,13,10.0,10.0,3,5,4.0,4.0,1,2,69,2
37,8,5,15,72,6,21,13,101,20,0,0,14,14,2,5,13,9.0,9.0,3,6,4.5,4.5,1,2,71,1
38,10,5,11,72,6,21,13,101,16,1,1,14,13,2,5,13,9.0,9.0,3,6,4.5,4.5,0,3,73,3
39,7,5,9,75,6,21,10,123,14,0,0,14,14,2,5,10,7.5,7.5,3,6,4.5,4.5,0,3,73,1
40,9,5,5,75,6,21,10,123,10,0,0,14,14,2,5,10,7.5,7.5,3,6,4.5,4.5,0,3,73,1
41,11,5,1,75,6,21,10,123,6,0,0,14,14,2,5,10,7.5,7.5,3,6,4.5,4.5,0,3,73,1
42,13,5,72,0,6,21,10,123,77,0,0,14,14,2,5,10,7.5,7.5,3,6,4.5,4.5,0,3,73,1
43,15,5,68,0,6,21,10,123,73,0,0,14,14,2,5,10,7.5,7.5,3,6,4.5,4.5,0,3,73,1
44,17,5,64,0,6,21,10,123,69,0,0,14,14,2,5,10,7.5,7.5,3,6,4.5,4.5,0,3,73,1
45,19,5,60,0,6,21,10,123,65,0,0,14,14,2,5,10,7.5,7.5,3,6,4.5,4.5,0,3,73,1
46,21,5,56,0,6,21,10,123,61,0,0,14,14,2,5,10,7.5,7.5,3,6,4.5,4.5,0,3,73,1
47,23,5,52,0,6,21,10,123,57,0,0,14,14,2,5,10,7.5,7.5,3,6,4.5,4.5,0,3,73,1
48,25,5,48,0,6,21,10,123,53,0,0,14,14,2,5,10,7.5,7.5,3,6,4.5,4.5,0,3,73,1
49,27,5,44,0,6,21,10,123,49,0,0,14,14,2,5,10,7.5,7.5,3,6,4.5,4.5,0,3,73,1
50,29,5,40,0,6,21,10,123,45,1,1,14,14,2,5,10,7.5,7.5,3,6,4.5,4.5,0,3,73,3
51,23,5,38,6,6,21,4,138,43,0,0,14,14,2,4,5,4.5,4.5,3,6,4.5,4.5,0,3,73,1
52,25,5,34,6,6,21,4,138,39,0,0,14,14,2,4,5,4.5,4.5,3,6,4.5,4.5,0,3,73,1
53,27,5,30,6,6,21,4,138,35,0,0,14,14,2,4,5,4.5,4.5,3,6,4.5,4.5,0,3,73,1
54,29,5,26,6,6,21,4,138,31,0,0,14,14,2,4,5,4.5,4.5,3,6,4.5,4.5,0,3,73,1
55,31,5,22,6,6,21,4,138,27,0,0,14,14,2,4,5,4.5,4.5,3,6,4.5,4.5,0,3,73,1
56,33,5,18,6,6,21,4,138,23,0,0,14,14,2,4,5,4.5,4.5,3,6,4.5,4.5,0,3,73,1
57,35,5,14,6,6,21,4,138,19,0,0,14,14,2,4,5,4.5,4.5,3,6,4.5,4.5,0,3,73,1
58,37,5,10,6,6,21,4,138,15,0,0,14,14,2,4,5,4.5,4.5,3,6,4.5,4.5,0,3,73,1
59,39,5,6,6,6,21,4,138,11,0,0,14,14,2,4,5,4.5,4.5,3,6,4.5,4.5,0,3,73,1
60,41,5,2,6,6,21,4,138,7,0,0,14,14,2,4,5,4.5,4.5,3,6,4.5,4.5,0,3,73,1
61,43,5,4,0,6,21,4,138,9,0,0,14,14,2,4,5,4.5,4.5,3,6,4.5,4.5,0,3,73,1
62,45,5,0,0,6,21,4,138,5,0,0,14,14,2,4,5,4.5,4.5,3,6,4.5,4.5,0,3,73,1
63,46,2,0,0,6,21,4,138,2,0,0,14,14,2,4,5,4.5,4.5,3,6,4.5,4.5,0,3,73,1
64,48,0,0,0,6,20,4,138,0,0,0,14,14,2,4,5,4.5,4.5,4,6,5.0,5.0,0,3,73,2
65,48,0,0,2,7,19,4,160,0,0,0,14,14,2,3,4,3.5,3.5,4,7,5.5,5.5,1,3,73,2
66,48,0,0,2,8,17,4,144,0,1,1,15,14,2,3,4,3.5,3.5,5,8,6.5,6.5,0,4,75,3
67,45,0,0,5,8,16,1,180,0,0,0,0,0,2,1,3,2.0,2.0,6,8,7.0,7.0,0,5,75,2
1,4,5,97,0,2,26,45,-17,102,3,3,6,3,2,45,45,45.0,45.0,2,2,2.0,2.0,0,0,0,3
2,2,5,97,3,2,26,43,-15,102,0,0,6,6,2,43,44,43.5,43.5,2,2,2.0,2.0,2,0,0,1
3,4,5,95,4,2,26,43,-15,100,0,0,6,6,2,43,43,43.0,43.0,2,2,2.0,2.0,2,0,1,1
4,6,5,91,4,2,26,43,-15,96,3,3,6,3,2,43,43,43.0,43.0,2,2,2.0,2.0,2,0,2,3
5,4,5,89,6,2,26,41,-13,94,0,0,6,6,2,41,43,42.0,42.0,2,2,2.0,2.0,2,0,2,1
6,6,5,85,6,2,26,41,-13,90,2,2,6,4,2,41,43,42.0,42.0,2,2,2.0,2.0,2,0,2,3
7,4,5,85,10,2,26,39,-11,90,1,1,6,5,2,39,41,40.0,40.0,2,2,2.0,2.0,2,0,2,3
8,2,5,85,14,2,26,37,3,90,1,1,7,6,2,37,39,38.0,38.0,2,2,2.0,2.0,2,0,4,3
9,1,5,83,15,2,26,36,4,88,0,0,7,7,2,36,39,37.5,37.5,2,2,2.0,2.0,2,0,6,1
10,3,5,81,17,2,26,36,4,86,0,0,7,7,2,36,37,36.5,36.5,2,2,2.0,2.0,2,0,6,1
11,5,5,77,17,2,26,36,4,82,1,1,7,6,2,36,37,36.5,36.5,2,2,2.0,2.0,2,0,8,3
12,3,5,77,21,2,26,34,6,82,0,0,7,7,2,34,35,34.5,34.5,2,2,2.0,2.0,2,0,8,1
13,5,5,73,21,2,26,34,6,78,0,0,7,7,2,34,35,34.5,34.5,2,2,2.0,2.0,1,1,10,1
14,7,5,71,24,2,26,34,6,76,0,0,7,7,2,32,34,33.0,33.0,2,2,2.0,2.0,1,1,10,1
15,9,5,67,24,2,26,34,6,72,0,0,7,7,2,32,34,33.0,33.0,2,2,2.0,2.0,1,1,14,1
16,11,5,63,24,2,26,34,6,68,0,0,7,7,2,32,34,33.0,33.0,2,2,2.0,2.0,1,1,14,1
17,13,5,59,24,2,26,34,6,64,0,0,7,7,2,32,34,33.0,33.0,2,2,2.0,2.0,1,1,14,1
18,15,5,55,24,2,26,34,6,60,3,3,7,6,2,32,34,33.0,33.0,2,2,2.0,2.0,1,1,14,3
19,11,5,53,28,2,26,30,35,58,0,0,7,7,2,30,32,31.0,31.0,2,2,2.0,2.0,1,1,14,2
20,11,5,53,31,3,25,30,24,58,2,2,9,7,2,29,30,29.5,29.5,2,3,2.5,2.5,1,1,14,3
21,9,5,53,33,3,24,28,26,58,1,1,9,8,2,28,29,28.5,28.5,3,3,3.0,3.0,0,2,18,3
22,7,5,53,35,3,23,26,50,58,0,0,9,9,2,26,29,27.5,27.5,3,4,3.5,3.5,0,3,18,1
23,9,5,51,38,3,23,26,50,56,0,0,9,9,2,26,26,26.0,26.0,3,4,3.5,3.5,1,3,18,2
24,9,5,49,38,4,22,26,41,54,0,0,10,10,2,26,26,26.0,26.0,4,4,4.0,4.0,0,4,22,1
25,11,5,47,38,4,21,26,41,52,0,0,10,10,2,26,26,26.0,26.0,4,5,4.5,4.5,0,4,22,1
26,13,5,43,38,4,21,26,41,48,0,0,10,10,2,26,26,26.0,26.0,4,5,4.5,4.5,1,4,22,1
27,15,5,41,41,4,21,26,41,46,0,0,10,10,2,23,26,24.5,24.5,4,5,4.5,4.5,1,4,22,1
28,17,5,37,41,4,21,26,41,42,1,1,10,9,2,23,26,24.5,24.5,4,5,4.5,4.5,1,4,26,3
29,14,5,35,44,4,21,23,63,40,0,0,10,10,2,23,23,23.0,23.0,4,5,4.5,4.5,1,4,26,2
30,14,5,33,44,5,20,23,55,38,2,2,12,10,2,23,23,23.0,23.0,5,5,5.0,5.0,1,4,26,3
31,12,5,31,46,5,20,21,57,36,1,1,12,11,2,21,23,22.0,22.0,5,5,5.0,5.0,1,4,26,3
32,10,5,31,52,5,20,19,75,36,0,0,12,12,2,19,19,19.0,19.0,5,5,5.0,5.0,1,4,26,2
33,10,5,31,52,6,18,19,62,36,0,0,13,13,2,19,19,19.0,19.0,6,6,6.0,6.0,0,5,33,1
34,12,5,27,52,6,18,19,62,32,0,0,13,13,2,19,19,19.0,19.0,6,6,6.0,6.0,1,5,33,1
35,14,5,23,52,6,18,19,62,28,1,1,13,12,2,19,19,19.0,19.0,6,6,6.0,6.0,1,5,33,3
36,11,5,21,55,6,18,16,92,26,0,0,13,13,2,16,19,17.5,17.5,6,6,6.0,6.0,1,5,33,2
37,11,5,19,55,7,17,16,82,24,0,0,14,14,2,16,19,17.5,17.5,6,7,6.5,6.5,1,5,33,1
38,13,5,15,55,7,17,16,82,20,0,0,14,14,2,16,19,17.5,17.5,6,7,6.5,6.5,1,5,33,1
39,15,5,11,55,7,17,16,82,16,0,0,14,14,2,16,19,17.5,17.5,6,7,6.5,6.5,1,5,33,1
40,17,5,9,59,7,17,16,82,14,0,0,14,14,2,15,16,15.5,15.5,6,7,6.5,6.5,1,5,33,1
41,19,5,7,59,7,16,16,82,12,0,0,14,14,2,15,16,15.5,15.5,7,7,7.0,7.0,0,6,40,1
42,21,5,5,60,7,16,16,82,10,0,0,14,14,2,14,16,15.0,15.0,7,7,7.0,7.0,1,6,40,1
43,23,5,3,64,7,16,16,82,8,2,2,14,14,2,10,16,13.0,13.0,7,7,7.0,7.0,1,6,41,3
44,17,5,3,70,7,15,10,97,8,0,0,14,14,2,10,10,10.0,10.0,7,8,7.5,7.5,0,7,48,1
45,19,5,1,72,7,15,10,97,6,0,0,14,14,2,8,10,9.0,9.0,7,8,7.5,7.5,1,7,48,1
46,21,5,69,0,7,15,10,97,74,0,0,14,14,2,8,10,9.0,9.0,7,8,7.5,7.5,1,7,50,1
47,23,5,65,0,7,15,10,97,70,4,4,14,13,2,8,10,9.0,9.0,7,8,7.5,7.5,1,7,50,3
48,18,5,65,8,7,15,5,127,70,0,0,14,14,2,5,5,5.0,5.0,7,8,7.5,7.5,1,7,50,1
49,20,5,61,8,7,15,5,127,66,0,0,14,14,2,5,5,5.0,5.0,7,8,7.5,7.5,0,8,54,1
50,22,5,57,8,7,15,5,127,62,0,0,14,14,2,5,5,5.0,5.0,7,8,7.5,7.5,0,8,54,1
51,24,5,53,8,7,15,5,127,58,0,0,14,14,2,5,5,5.0,5.0,7,8,7.5,7.5,0,8,54,1
52,26,5,49,8,7,15,5,127,54,0,0,14,14,2,5,5,5.0,5.0,7,8,7.5,7.5,0,8,54,1
53,28,5,45,8,7,15,5,127,50,0,0,14,14,2,5,5,5.0,5.0,7,8,7.5,7.5,0,8,54,1
54,30,5,41,8,7,15,5,127,46,0,0,14,14,2,5,5,5.0,5.0,7,8,7.5,7.5,0,8,54,1
55,32,5,37,8,7,15,5,127,42,0,0,14,14,2,5,5,5.0,5.0,7,8,7.5,7.5,0,8,54,1
56,34,5,33,8,7,15,5,127,38,0,0,14,14,2,5,5,5.0,5.0,7,8,7.5,7.5,0,8,54,1
57,36,5,29,8,7,15,5,127,34,0,0,14,14,2,5,5,5.0,5.0,7,8,7.5,7.5,0,8,54,1
58,38,5,25,8,7,15,5,127,30,0,0,14,14,2,5,5,5.0,5.0,7,8,7.5,7.5,0,8,54,1
59,40,5,21,8,7,15,5,127,26,0,0,14,14,2,5,5,5.0,5.0,7,8,7.5,7.5,0,8,54,1
60,42,5,17,8,7,15,5,127,22,0,0,14,14,2,5,5,5.0,5.0,7,8,7.5,7.5,0,8,54,1
61,44,5,13,8,7,15,5,127,18,0,0,14,14,2,5,5,5.0,5.0,7,8,7.5,7.5,0,8,54,1
62,46,5,9,8,7,15,5,127,14,0,0,14,14,2,5,5,5.0,5.0,7,8,7.5,7.5,0,8,54,1
63,48,5,5,8,7,15,5,127,10,0,0,14,14,2,5,5,5.0,5.0,7,8,7.5,7.5,0,8,54,1
64,50,5,1,8,7,15,5,127,6,0,0,14,14,2,5,5,5.0,5.0,7,8,7.5,7.5,0,8,54,1
65,52,5,5,0,7,15,5,127,10,0,0,14,14,2,5,5,5.0,5.0,7,8,7.5,7.5,0,8,54,1
66,54,5,1,0,7,15,5,127,6,0,0,14,14,2,5,5,5.0,5.0,7,8,7.5,7.5,0,8,54,1
67,56,2,0,0,7,15,5,127,2,0,0,14,14,2,5,5,5.0,5.0,7,8,7.5,7.5,0,8,54,1
68,58,0,0,0,7,14,5,127,0,0,0,14,14,2,5,5,5.0,5.0,7,9,8.0,8.0,0,8,54,2
69,58,0,0,3,8,13,5,120,0,1,1,17,16,2,2,5,3.5,3.5,8,9,8.5,8.5,1,8,54,3
1,4,5,97,2,2,26,45,-16,102,6,6,8,2,2,43,45,44.0,44.0,2,2,2.0,2.0,2,0,0,3
2,3,5,95,3,2,26,44,-15,100,5,5,8,3,2,43,44,43.5,43.5,2,2,2.0,2.0,2,0,2,3
3,2,5,93,4,2,26,43,-14,98,0,0,8,8,2,43,43,43.0,43.0,2,2,2.0,2.0,2,0,2,1
4,4,5,91,6,2,26,43,-14,96,0,0,8,8,2,41,43,42.0,42.0,2,2,2.0,2.0,2,0,2,1
5,6,5,87,6,2,26,43,-14,92,0,0,8,8,2,41,43,42.0,42.0,2,2,2.0,2.0,2,0,4,1
6,8,5,85,8,2,26,43,-14,90,4,4,8,4,2,39,43,41.0,41.0,2,2,2.0,2.0,2,0,4,3
7,6,5,85,12,2,26,41,-12,90,3,3,8,5,2,37,41,39.0,39.0,2,2,2.0,2.0,2,0,6,3
8,4,5,85,15,2,26,39,-10,90,0,0,8,8,2,36,39,37.5,37.5,2,2,2.0,2.0,1,1,8,1
9,6,5,81,15,2,26,39,-10,86,2,2,8,6,2,36,39,37.5,37.5,2,2,2.0,2.0,1,1,9,3
10,4,5,79,17,2,26,37,-8,84,0,0,8,8,2,36,37,36.5,36.5,2,2,2.0,2.0,1,1,9,1
11,6,5,77,19,2,26,37,-8,82,1,1,8,7,2,34,37,35.5,35.5,2,2,2.0,2.0,1,1,9,3
12,4,5,75,21,2,26,35,10,80,0,0,8,8,2,34,35,34.5,34.5,2,2,2.0,2.0,1,1,11,1
13,6,5,71,21,2,26,35,10,76,1,1,8,7,2,34,35,34.5,34.5,2,2,2.0,2.0,1,1,11,3
14,3,5,69,24,2,26,32,14,74,0,0,8,8,2,32,34,33.0,33.0,2,2,2.0,2.0,1,1,11,1
15,5,5,65,24,2,26,32,14,70,0,0,8,8,2,32,34,33.0,33.0,2,2,2.0,2.0,1,1,11,1
16,7,5,61,24,2,26,32,14,66,0,0,8,8,2,32,34,33.0,33.0,2,2,2.0,2.0,1,1,11,1
17,9,5,57,24,2,26,32,14,62,0,0,8,8,2,32,34,33.0,33.0,2,2,2.0,2.0,1,1,11,1
18,11,5,55,28,2,26,32,14,60,0,0,8,8,2,30,32,31.0,31.0,2,2,2.0,2.0,1,1,11,1
19,13,5,53,28,2,25,32,14,58,3,3,8,7,2,30,32,31.0,31.0,2,3,2.5,2.5,0,2,18,3
20,10,5,53,33,2,25,29,34,58,0,0,8,8,2,28,29,28.5,28.5,2,3,2.5,2.5,1,2,18,2
21,10,5,53,35,3,24,29,39,58,0,0,8,8,2,26,29,27.5,27.5,3,3,3.0,3.0,1,2,20,2
22,10,5,51,35,4,23,29,30,56,1,1,9,8,2,26,29,27.5,27.5,3,4,3.5,3.5,0,3,22,3
23,7,5,51,38,4,22,26,52,56,0,0,9,9,2,26,26,26.0,26.0,4,4,4.0,4.0,0,3,22,1
24,9,5,47,38,4,22,26,52,52,0,0,9,9,2,26,26,26.0,26.0,4,4,4.0,4.0,1,3,22,2
25,9,5,45,38,5,21,26,39,50,0,0,11,11,2,26,26,26.0,26.0,4,5,4.5,4.5,1,3,22,1
26,11,5,41,38,5,21,26,39,46,1,1,11,10,2,26,26,26.0,26.0,4,5,4.5,4.5,1,3,22,3
27,8,5,39,41,5,21,23,43,44,0,0,11,11,2,23,26,24.5,24.5,4,5,4.5,4.5,1,3,22,1
28,10,5,37,44,5,21,23,43,42,0,0,11,11,2,23,23,23.0,23.0,4,5,4.5,4.5,1,3,22,1
29,12,5,35,44,5,20,23,43,40,0,0,11,11,2,23,23,23.0,23.0,5,5,5.0,5.0,0,4,26,1
30,14,5,33,46,5,20,23,43,38,0,0,11,11,2,21,23,22.0,22.0,5,5,5.0,5.0,1,4,26,1
31,16,5,31,48,5,20,23,43,36,1,1,11,10,2,19,23,21.0,21.0,5,5,5.0,5.0,1,4,28,3
32,12,5,31,52,5,19,19,76,36,0,0,11,11,2,19,19,19.0,19.0,5,6,5.5,5.5,0,5,30,2
33,12,5,29,52,6,18,19,66,34,0,0,12,12,2,19,19,19.0,19.0,6,6,6.0,6.0,1,5,30,1
34,14,5,25,52,6,18,19,66,30,0,0,12,12,2,19,19,19.0,19.0,6,6,6.0,6.0,1,5,30,1
35,16,5,23,55,6,18,19,66,28,0,0,12,12,2,16,19,17.5,17.5,6,6,6.0,6.0,1,5,30,1
36,18,5,21,55,6,17,19,66,26,0,0,12,12,2,16,19,17.5,17.5,6,7,6.5,6.5,0,6,34,1
37,20,5,17,55,6,17,19,66,22,0,0,12,12,2,16,19,17.5,17.5,6,7,6.5,6.5,1,6,34,1
38,22,5,13,55,6,17,19,66,18,0,0,12,12,2,16,19,17.5,17.5,6,7,6.5,6.5,1,6,34,1
39,24,5,9,55,6,17,19,66,14,5,5,12,11,2,16,19,17.5,17.5,6,7,6.5,6.5,1,6,34,3
40,20,5,7,59,6,17,15,93,12,2,2,12,12,2,15,16,15.5,15.5,6,7,6.5,6.5,1,6,34,2
41,20,5,5,59,7,16,15,82,10,4,4,14,12,2,15,16,15.5,15.5,7,7,7.0,7.0,1,6,34,3
42,19,5,3,60,7,16,14,83,8,1,1,14,13,2,14,16,15.0,15.0,7,7,7.0,7.0,1,6,34,3
43,15,5,3,70,7,16,10,112,8,0,0,14,14,2,10,10,10.0,10.0,7,7,7.0,7.0,1,6,34,2
44,15,5,1,70,8,15,10,105,6,1,1,16,15,2,10,10,10.0,10.0,7,8,7.5,7.5,1,6,49,3
45,13,5,71,0,8,15,8,107,76,0,0,16,16,2,8,10,9.0,9.0,7,8,7.5,7.5,1,6,49,1
46,15,5,67,0,8,15,8,107,72,0,0,16,16,2,8,10,9.0,9.0,7,8,7.5,7.5,1,6,49,1
47,17,5,65,5,8,15,8,107,70,3,3,16,15,2,5,8,6.5,6.5,7,8,7.5,7.5,1,6,49,3
48,14,5,63,8,8,15,5,125,68,0,0,16,16,2,5,5,5.0,5.0,7,8,7.5,7.5,0,7,59,1
49,16,5,59,8,8,15,5,125,64,0,0,16,16,2,5,5,5.0,5.0,7,8,7.5,7.5,0,7,59,1
50,18,5,55,8,8,15,5,125,60,0,0,16,16,2,5,5,5.0,5.0,7,8,7.5,7.5,0,7,59,1
51,20,5,51,8,8,15,5,125,56,0,0,16,16,2,5,5,5.0,5.0,7,8,7.5,7.5,0,7,59,1
52,22,5,47,8,8,15,5,125,52,0,0,16,16,2,5,5,5.0,5.0,7,8,7.5,7.5,0,7,59,1
53,24,5,43,8,8,15,5,125,48,0,0,16,16,2,5,5,5.0,5.0,7,8,7.5,7.5,0,7,59,1
54,26,5,39,8,8,15,5,125,44,0,0,16,16,2,5,5,5.0,5.0,7,8,7.5,7.5,0,7,59,1
55,28,5,35,8,8,15,5,125,40,0,0,16,16,2,5,5,5.0,5.0,7,8,7.5,7.5,0,7,59,1
56,30,5,31,8,8,15,5,125,36,0,0,16,16,2,5,5,5.0,5.0,7,8,7.5,7.5,0,7,59,1
57,32,5,27,8,8,15,5,125,32,0,0,16,16,2,5,5,5.0,5.0,7,8,7.5,7.5,0,7,59,1
58,34,5,23,8,8,15,5,125,28,0,0,16,16,2,5,5,5.0,5.0,7,8,7.5,7.5,0,7,59,1
59,36,5,19,8,8,15,5,125,24,0,0,16,16,2,5,5,5.0,5.0,7,8,7.5,7.5,0,7,59,1
60,38,5,15,8,8,15,5,125,20,0,0,16,16,2,5,5,5.0,5.0,7,8,7.5,7.5,0,7,59,1
61,40,5,11,8,8,15,5,125,16,0,0,16,16,2,5,5,5.0,5.0,7,8,7.5,7.5,0,7,59,1
62,42,5,7,8,8,15,5,125,12,0,0,16,16,2,5,5,5.0,5.0,7,8,7.5,7.5,0,7,59,1
63,44,5,3,8,8,15,5,125,8,0,0,16,16,2,5,5,5.0,5.0,7,8,7.5,7.5,0,7,59,1
64,46,5,7,0,8,15,5,125,12,0,0,16,16,2,5,5,5.0,5.0,7,8,7.5,7.5,0,7,59,1
65,48,5,3,0,8,15,5,125,8,0,0,16,16,2,5,5,5.0,5.0,7,8,7.5,7.5,0,7,59,1
66,50,4,0,0,8,15,5,125,4,0,0,16,16,2,5,5,5.0,5.0,7,8,7.5,7.5,0,7,59,1
67,52,0,0,0,8,15,5,125,0,0,0,16,16,2,5,5,5.0,5.0,7,8,7.5,7.5,0,7,59,2
68,52,0,0,0,9,13,5,109,0,1,1,17,16,2,5,5,5.0,5.0,8,9,8.5,8.5,0,7,59,3
69,49,0,0,6,9,13,2,145,0,0,0,17,17,2,2,2,2.0,2.0,8,9,8.5,8.5,1,7,59,2
1,4,5,97,2,2,26,45,-15,102,2,2,5,3,2,43,45,44.0,44.0,2,2,2.0,2.0,2,0,0,3
2,2,5,97,5,2,26,43,-13,102,0,0,5,5,2,42,43,42.5,42.5,2,2,2.0,2.0,2,0,2,1
3,4,5,93,5,2,26,43,-13,98,1,1,5,4,2,42,43,42.5,42.5,2,2,2.0,2.0,2,0,3,3
4,2,5,93,9,2,26,41,-3,98,0,0,5,5,2,40,41,40.5,40.5,2,2,2.0,2.0,2,0,3,1
5,4,5,89,9,2,26,41,-3,94,0,0,5,5,2,40,41,40.5,40.5,2,2,2.0,2.0,2,0,5,1
6,6,5,85,9,2,26,41,-3,90,0,0,5,5,2,40,41,40.5,40.5,2,2,2.0,2.0,2,0,5,1
7,8,5,81,9,2,26,41,-3,86,0,0,5,5,2,40,41,40.5,40.5,2,2,2.0,2.0,2,0,5,1
8,10,5,79,11,2,26,41,-3,84,1,1,5,4,2,38,41,39.5,39.5,2,2,2.0,2.0,2,0,5,3
9,7,5,79,16,2,26,38,1,84,0,0,5,5,2,36,38,37.0,37.0,2,2,2.0,2.0,2,0,7,1
10,9,5,75,16,2,26,38,1,80,1,1,5,4,2,36,38,37.0,37.0,2,2,2.0,2.0,2,0,9,3
11,6,5,73,19,2,26,35,5,78,0,0,5,5,2,35,36,35.5,35.5,2,2,2.0,2.0,2,0,9,1
12,8,5,71,21,2,26,35,5,76,0,0,5,5,2,34,35,34.5,34.5,2,2,2.0,2.0,2,0,9,1
13,10,5,67,21,2,26,35,5,72,0,0,5,5,2,34,35,34.5,34.5,2,2,2.0,2.0,2,0,11,1
14,12,5,63,21,2,26,35,5,68,0,0,5,5,2,34,35,34.5,34.5,2,2,2.0,2.0,2,0,11,1
15,14,5,59,21,2,26,35,5,64,0,0,5,5,2,34,35,34.5,34.5,2,2,2.0,2.0,2,0,11,1
16,16,5,55,21,2,26,35,5,60,0,0,5,5,2,34,35,34.5,34.5,2,2,2.0,2.0,2,0,11,1
17,18,5,51,21,2,26,35,5,56,0,0,5,5,2,34,35,34.5,34.5,2,2,2.0,2.0,2,0,11,1
18,20,5,47,21,2,26,35,5,52,1,1,5,4,2,34,35,34.5,34.5,2,2,2.0,2.0,2,0,11,3
19,15,5,45,26,2,26,30,37,50,0,0,5,5,2,30,34,32.0,32.0,2,2,2.0,2.0,2,0,11,2
20,15,5,45,31,3,25,30,31,50,3,3,8,5,2,29,30,29.5,29.5,2,3,2.5,2.5,2,0,11,3
21,13,5,43,33,3,25,28,33,48,2,2,8,6,2,28,29,28.5,28.5,2,3,2.5,2.5,1,1,21,3
22,11,5,41,35,3,25,26,35,46,1,1,8,7,2,26,29,27.5,27.5,2,3,2.5,2.5,1,1,21,3
23,9,5,41,43,3,25,24,49,46,0,0,8,8,2,23,24,23.5,23.5,2,3,2.5,2.5,1,1,21,2
24,9,5,39,43,4,24,24,36,44,1,1,10,9,2,23,24,23.5,23.5,2,4,3.0,3.0,1,1,36,3
25,8,5,39,48,4,24,23,37,44,0,0,10,10,2,19,23,21.0,21.0,2,4,3.0,3.0,1,1,36,1
26,10,5,37,48,4,23,23,37,42,0,0,10,10,2,19,23,21.0,21.0,3,4,3.5,3.5,0,2,43,1
27,12,5,35,49,4,23,23,37,40,1,1,10,9,2,18,23,20.5,20.5,3,4,3.5,3.5,1,2,43,3
28,8,5,35,53,4,22,19,70,40,0,0,10,10,2,18,19,18.5,18.5,4,4,4.0,4.0,0,3,44,2
29,8,5,35,55,5,21,19,79,40,0,0,10,10,2,16,19,17.5,17.5,4,5,4.5,4.5,1,3,44,2
30,8,5,33,55,6,20,19,71,38,0,0,11,11,2,16,19,17.5,17.5,4,6,5.0,5.0,1,3,46,1
31,10,5,31,58,6,20,19,71,36,0,0,11,11,2,13,19,16.0,16.0,4,6,5.0,5.0,1,3,46,1
32,12,5,27,58,6,20,19,71,32,0,0,11,11,2,13,19,16.0,16.0,4,6,5.0,5.0,0,4,50,1
33,14,5,25,58,6,19,19,71,30,1,1,11,10,2,13,19,16.0,16.0,5,6,5.5,5.5,0,4,50,3
34,10,5,25,62,6,18,15,94,30,0,0,11,11,2,13,15,14.0,14.0,6,6,6.0,6.0,0,5,50,2
35,10,5,25,62,7,16,15,81,30,0,0,13,13,2,13,15,14.0,14.0,7,7,7.0,7.0,0,6,50,1
36,12,5,23,64,7,16,15,81,28,1,1,13,12,2,11,15,13.0,13.0,7,7,7.0,7.0,1,6,50,3
37,9,5,21,67,7,16,12,85,26,0,0,13,13,2,11,12,11.5,11.5,7,7,7.0,7.0,1,6,52,1
38,11,5,19,69,7,16,12,85,24,0,0,13,13,2,9,12,10.5,10.5,7,7,7.0,7.0,1,6,52,1
39,13,5,15,69,7,16,12,85,20,0,0,13,13,2,9,12,10.5,10.5,7,7,7.0,7.0,1,6,54,1
40,15,5,11,69,7,16,12,85,16,0,0,13,13,2,9,12,10.5,10.5,7,7,7.0,7.0,1,6,54,1
41,17,5,7,69,7,16,12,85,12,1,1,13,12,2,9,12,10.5,10.5,7,7,7.0,7.0,1,6,54,3
42,13,5,7,76,7,16,8,118,12,0,0,13,13,2,6,8,7.0,7.0,7,7,7.0,7.0,1,6,54,1
43,15,5,3,76,7,16,8,118,8,0,0,13,13,2,6,8,7.0,7.0,7,7,7.0,7.0,1,6,58,1
44,17,5,75,0,7,16,8,118,80,0,0,13,13,2,6,8,7.0,7.0,7,7,7.0,7.0,1,6,58,1
45,19,5,71,0,7,16,8,118,76,0,0,13,13,2,6,8,7.0,7.0,7,7,7.0,7.0,1,6,58,1
46,21,5,67,0,7,16,8,118,72,0,0,13,13,2,6,8,7.0,7.0,7,7,7.0,7.0,1,6,58,1
47,23,5,63,0,7,16,8,118,68,4,4,13,13,2,6,8,7.0,7.0,7,7,7.0,7.0,1,6,58,1
48,25,5,59,0,7,16,8,118,64,5,5,13,13,2,6,8,7.0,7.0,7,7,7.0,7.0,1,6,58,1
49,27,5,55,0,7,16,8,118,60,5,5,13,13,2,6,8,7.0,7.0,7,7,7.0,7.0,1,6,58,1
50,29,5,51,0,7,16,8,118,56,5,5,13,13,2,6,8,7.0,7.0,7,7,7.0,7.0,1,6,58,1
51,31,5,49,6,7,16,8,118,54,6,6,13,13,2,0,8,4.0,4.0,7,7,7.0,7.0,1,6,58,3
1,4,5,95,0,2,26,45,-19,100,5,5,7,2,2,45,45,45.0,45.0,2,2,2.0,2.0,2,0,0,3
2,3,5,95,3,2,26,44,-18,100,3,3,7,4,2,43,44,43.5,43.5,2,2,2.0,2.0,2,0,0,3
3,1,5,93,5,2,26,42,-16,98,0,0,7,7,2,42,43,42.5,42.5,2,2,2.0,2.0,2,0,2,1
4,3,5,91,7,2,26,42,-16,96,2,2,7,5,2,41,42,41.5,41.5,2,2,2.0,2.0,2,0,2,3
5,1,5,89,9,2,26,40,-14,94,0,0,7,7,2,40,41,40.5,40.5,2,2,2.0,2.0,2,0,4,1
6,3,5,87,11,2,26,40,-14,92,1,1,7,6,2,39,40,39.5,39.5,2,2,2.0,2.0,2,0,4,3
7,1,5,85,13,2,26,38,-12,90,0,0,7,7,2,38,39,38.5,38.5,2,2,2.0,2.0,2,0,6,1
8,3,5,81,13,2,26,38,-12,86,0,0,7,7,2,38,39,38.5,38.5,2,2,2.0,2.0,2,0,6,1
9,5,5,79,15,2,26,38,-12,84,0,0,0,0,2,37,38,37.5,37.5,2,2,2.0,2.0,2,0,6,1
10,7,5,77,17,2,26,38,-12,82,1,0,0,0,2,35,38,36.5,36.5,2,2,2.0,2.0,2,0,8,3
11,5,5,75,19,2,26,36,2,80,0,0,0,0,2,35,36,35.5,35.5,2,2,2.0,2.0,2,0,10,1
12,7,5,73,21,2,26,36,2,78,0,0,0,0,2,33,36,34.5,34.5,2,2,2.0,2.0,2,0,10,1
13,9,5,69,21,2,26,36,2,74,0,0,0,0,2,33,36,34.5,34.5,2,2,2.0,2.0,2,0,12,1
14,11,5,65,21,2,26,36,2,70,0,0,0,0,2,33,36,34.5,34.5,2,2,2.0,2.0,2,0,12,1
15,13,5,63,23,2,26,36,2,68,0,0,0,0,2,31,36,33.5,33.5,2,2,2.0,2.0,2,0,12,1
16,15,5,59,23,2,26,36,2,64,0,0,0,0,2,31,36,33.5,33.5,2,2,2.0,2.0,2,0,14,1
17,17,5,55,23,2,26,36,2,60,2,2,0,0,2,31,36,33.5,33.5,2,2,2.0,2.0,2,0,14,3
18,11,5,53,29,2,26,30,17,58,1,0,0,0,2,30,31,30.5,30.5,2,2,2.0,2.0,2,0,14,3
19,10,5,51,30,2,26,29,18,56,0,0,0,0,2,29,31,30.0,30.0,2,2,2.0,2.0,2,0,14,1
20,12,5,49,34,2,26,29,18,54,0,0,0,0,2,27,29,28.0,28.0,2,2,2.0,2.0,2,0,14,1
21,14,5,45,34,2,26,29,18,50,0,0,0,0,2,27,29,28.0,28.0,2,2,2.0,2.0,1,1,21,1
22,16,5,41,34,2,26,29,18,46,1,0,0,0,2,27,29,28.0,28.0,2,2,2.0,2.0,1,1,21,3
23,13,5,39,37,2,26,26,48,44,0,0,0,0,2,26,27,26.5,26.5,2,2,2.0,2.0,1,1,21,2
24,13,5,37,37,3,25,26,39,42,1,0,0,0,2,26,27,26.5,26.5,2,3,2.5,2.5,1,1,21,3
25,11,5,37,42,3,25,24,41,42,0,0,0,0,2,24,24,24.0,24.0,2,3,2.5,2.5,1,1,21,1
26,13,5,35,42,3,24,24,41,40,0,0,0,0,2,24,24,24.0,24.0,3,3,3.0,3.0,0,2,25,1
27,15,5,33,45,3,24,24,41,38,0,0,0,0,2,21,24,22.5,22.5,3,3,3.0,3.0,1,2,25,1
28,17,5,31,47,3,24,24,41,36,1,0,0,0,2,19,24,21.5,21.5,3,3,3.0,3.0,1,2,29,3
29,14,5,31,50,3,23,21,63,36,0,0,0,0,2,19,21,20.0,20.0,3,4,3.5,3.5,0,3,31,2
30,14,5,31,52,4,22,21,50,36,2,0,0,0,2,17,21,19.0,19.0,4,4,4.0,4.0,1,3,31,3
31,11,5,31,55,4,21,18,54,36,1,0,0,0,2,17,18,17.5,17.5,4,5,4.5,4.5,0,4,33,3
32,8,5,31,60,4,21,15,84,36,0,0,0,0,2,15,15,15.0,15.0,4,5,4.5,4.5,1,4,33,2
33,8,5,31,62,5,20,15,91,36,0,0,0,0,2,13,15,14.0,14.0,5,5,5.0,5.0,1,4,35,2
34,8,5,29,62,6,19,15,87,34,1,0,0,0,2,13,15,14.0,14.0,5,6,5.5,5.5,0,5,37,3
35,6,5,27,64,6,19,13,97,32,0,0,0,0,2,13,13,13.0,13.0,5,6,5.5,5.5,0,5,37,1
36,8,5,25,64,6,18,13,97,30,0,0,0,0,2,13,13,13.0,13.0,6,6,6.0,6.0,0,5,37,2
37,8,5,25,66,7,17,13,87,30,1,0,0,0,2,11,13,12.0,12.0,6,7,6.5,6.5,1,5,37,3
38,6,5,25,69,7,17,11,89,30,0,0,0,0,2,10,11,10.5,10.5,6,7,6.5,6.5,1,5,39,1
39,8,5,21,69,7,17,11,89,26,0,0,0,0,2,10,11,10.5,10.5,6,7,6.5,6.5,0,6,40,1
40,10,5,17,69,7,17,11,89,22,0,0,0,0,2,10,11,10.5,10.5,6,7,6.5,6.5,0,6,40,1
41,12,5,15,69,7,16,11,89,20,2,2,0,0,2,10,11,10.5,10.5,7,7,7.0,7.0,0,6,40,3
42,6,5,15,77,7,16,5,104,20,0,0,0,0,2,5,8,6.5,6.5,7,7,7.0,7.0,1,6,40,1
43,8,5,13,78,7,16,5,104,18,0,0,0,0,2,5,7,6.0,6.0,7,7,7.0,7.0,1,6,42,1
44,10,5,9,78,7,16,5,104,14,0,0,0,0,2,5,7,6.0,6.0,7,7,7.0,7.0,0,7,43,1
45,12,5,5,78,7,16,5,104,10,1,0,0,0,2,5,7,6.0,6.0,7,7,7.0,7.0,0,7,43,3
46,8,5,3,82,7,16,1,131,8,0,0,0,0,2,1,7,4.0,4.0,7,7,7.0,7.0,0,7,43,1
1,4,5,97,2,2,26,45,-16,102,3,3,6,3,2,43,45,44.0,44.0,2,2,2.0,2.0,2,0,0,3
2,3,5,95,3,2,26,44,-15,100,2,2,6,4,2,43,44,43.5,43.5,2,2,2.0,2.0,2,0,2,3
3,1,5,95,7,2,26,42,-13,100,0,0,6,6,2,41,42,41.5,41.5,2,2,2.0,2.0,2,0,2,1
4,3,5,91,7,2,26,42,-13,96,1,1,6,5,2,41,42,41.5,41.5,2,2,2.0,2.0,2,0,4,3
5,1,5,89,9,2,26,40,-1,94,0,0,6,6,2,40,41,40.5,40.5,2,2,2.0,2.0,2,0,4,1
6,3,5,85,9,2,26,40,-1,90,0,0,6,6,2,40,41,40.5,40.5,2,2,2.0,2.0,2,0,4,1
7,5,5,83,12,2,26,40,-1,88,0,0,6,6,2,38,40,39.0,39.0,2,2,2.0,2.0,2,0,4,1
8,7,5,79,12,2,26,40,-1,84,2,2,6,4,2,38,40,39.0,39.0,2,2,2.0,2.0,2,0,8,3
9,5,5,77,14,2,26,38,1,82,0,0,6,6,2,38,38,38.0,38.0,2,2,2.0,2.0,2,0,8,1
10,7,5,73,14,2,26,38,1,78,0,0,6,6,2,38,38,38.0,38.0,2,2,2.0,2.0,2,0,8,1
11,9,5,69,14,2,26,38,1,74,0,0,6,6,2,38,38,38.0,38.0,2,2,2.0,2.0,2,0,8,1
12,11,5,65,14,2,26,38,1,70,0,0,6,6,2,38,38,38.0,38.0,2,2,2.0,2.0,2,0,8,1
13,13,5,61,14,2,26,38,1,66,0,0,6,6,2,38,38,38.0,38.0,2,2,2.0,2.0,2,0,8,1
14,15,5,57,14,2,26,38,1,62,0,0,6,6,2,38,38,38.0,38.0,2,2,2.0,2.0,2,0,8,1
15,17,5,55,16,2,26,38,1,60,1,1,6,5,2,36,38,37.0,37.0,2,2,2.0,2.0,2,0,8,3
16,13,5,53,20,2,26,34,8,58,0,0,6,6,2,34,36,35.0,35.0,2,2,2.0,2.0,2,0,10,1
17,15,5,51,23,2,26,34,8,56,0,0,6,6,2,33,34,33.5,33.5,2,2,2.0,2.0,2,0,10,1
18,17,5,47,23,2,26,34,8,52,3,3,6,5,2,33,34,33.5,33.5,2,2,2.0,2.0,1,1,14,3
19,12,5,45,28,2,26,29,40,50,0,0,6,6,2,29,33,31.0,31.0,2,2,2.0,2.0,1,1,14,2
20,12,5,45,34,3,25,29,29,50,1,1,7,6,2,27,29,28.0,28.0,2,3,2.5,2.5,1,1,14,3
21,10,5,43,36,3,25,27,53,48,0,0,7,7,2,27,27,27.0,27.0,2,3,2.5,2.5,1,1,29,2
22,10,5,43,42,4,24,27,47,48,2,2,9,7,2,21,27,24.0,24.0,2,4,3.0,3.0,1,1,29,3
23,9,5,41,43,4,24,26,48,46,1,1,9,8,2,21,26,23.5,23.5,2,4,3.0,3.0,1,1,44,3
24,7,5,39,45,4,24,24,62,44,0,0,9,9,2,21,24,22.5,22.5,2,4,3.0,3.0,1,1,44,1
25,9,5,35,45,4,24,24,62,40,0,0,9,9,2,21,24,22.5,22.5,2,4,3.0,3.0,1,1,44,2
26,9,5,35,51,5,23,24,54,40,2,2,11,9,2,15,24,19.5,19.5,2,5,3.5,3.5,1,1,44,3
27,8,5,33,52,5,23,23,55,38,1,1,11,10,2,15,23,19.0,19.0,2,5,3.5,3.5,1,1,59,3
28,6,5,31,54,5,23,21,73,36,0,0,11,11,2,15,21,18.0,18.0,2,5,3.5,3.5,1,1,59,1
29,8,5,27,54,5,23,21,73,32,0,0,11,11,2,15,21,18.0,18.0,2,5,3.5,3.5,1,1,59,2
30,8,5,25,54,6,22,21,65,30,0,0,12,12,2,15,21,18.0,18.0,2,6,4.0,4.0,1,1,59,1
31,10,5,23,57,6,22,21,65,28,1,1,12,11,2,12,21,16.5,16.5,2,6,4.0,4.0,1,1,59,3
32,7,5,23,60,6,21,18,85,28,0,0,12,12,2,12,18,15.0,15.0,3,6,4.5,4.5,0,2,63,1
33,9,5,21,63,6,21,18,85,26,0,0,12,12,2,9,18,13.5,13.5,3,6,4.5,4.5,1,2,63,2
34,9,5,21,63,7,19,18,94,26,0,0,12,12,2,9,18,13.5,13.5,4,7,5.5,5.5,0,3,67,2
35,9,5,21,63,8,17,18,90,26,0,0,13,13,2,9,18,13.5,13.5,5,8,6.5,6.5,0,4,67,1
36,11,5,17,63,8,17,18,90,22,0,0,13,13,2,9,18,13.5,13.5,5,8,6.5,6.5,1,4,67,1
37,13,5,13,63,8,17,18,90,18,0,0,13,13,2,9,18,13.5,13.5,5,8,6.5,6.5,1,4,67,1
38,15,5,11,67,8,17,18,90,16,0,0,13,13,2,5,18,11.5,11.5,5,8,6.5,6.5,1,4,67,1
39,17,5,7,67,8,17,18,90,12,0,0,13,13,2,5,18,11.5,11.5,5,8,6.5,6.5,0,5,74,1
40,19,5,3,67,8,17,18,90,8,2,2,13,13,2,5,18,11.5,11.5,5,8,6.5,6.5,0,5,74,3
41,13,5,1,73,8,17,12,105,6,0,0,13,13,2,5,12,8.5,8.5,5,8,6.5,6.5,0,5,74,1
42,15,5,70,0,8,17,12,105,75,0,0,13,13,2,5,12,8.5,8.5,5,8,6.5,6.5,0,5,74,1
43,17,5,66,0,8,17,12,105,71,0,0,13,13,2,5,12,8.5,8.5,5,8,6.5,6.5,0,5,74,1
44,19,5,62,0,8,17,12,105,67,0,0,13,13,2,5,12,8.5,8.5,5,8,6.5,6.5,0,5,74,1
45,21,5,58,0,8,17,12,105,63,0,0,13,13,2,5,12,8.5,8.5,5,8,6.5,6.5,0,5,74,1
46,23,5,54,0,8,17,12,105,59,1,1,13,13,2,5,12,8.5,8.5,5,8,6.5,6.5,0,5,74,3
47,17,5,52,6,8,17,6,128,57,0,0,13,13,2,5,6,5.5,5.5,5,8,6.5,6.5,0,5,74,1
48,19,5,48,6,8,17,6,128,53,0,0,13,13,2,5,6,5.5,5.5,5,8,6.5,6.5,0,5,74,1
49,21,5,44,6,8,17,6,128,49,0,0,13,13,2,5,6,5.5,5.5,5,8,6.5,6.5,0,5,74,1
50,23,5,40,6,8,17,6,128,45,0,0,13,13,2,5,6,5.5,5.5,5,8,6.5,6.5,0,5,74,1
51,25,5,36,6,8,17,6,128,41,0,0,13,13,2,5,6,5.5,5.5,5,8,6.5,6.5,0,5,74,1
52,27,5,32,6,8,17,6,128,37,0,0,13,13,2,5,6,5.5,5.5,5,8,6.5,6.5,0,5,74,1
53,29,5,28,6,8,17,6,128,33,1,1,13,13,2,5,6,5.5,5.5,5,8,6.5,6.5,0,5,74,1
54,31,5,24,6,8,17,6,128,29,1,1,13,13,2,5,6,5.5,5.5,5,8,6.5,6.5,0,5,74,3
55,25,5,22,12,8,17,0,143,27,0,0,0,0,2,0,5,2.5,2.5,5,8,6.5,6.5,0,5,74,1
