d2105e7a-4a0e-4305-8f7d-dbae89aeadff;82;115;
a8a747de-653b-4272-b6cc-e230f4694b75;78;92;
fd24f502-3a3c-43d4-b58c-dd3b4e37b575;66;125;
aa66703a-e4b6-4376-820e-190bdedd65a3;70;108;
062ccc70-7fa5-4f99-a6ed-b2443a6de27e;118;93;
e495bb19-1347-49a1-b156-8ffcd5d2295c;106;120;
40007526-e94e-4df7-8d1a-dc1e34d64ff4;102;124;
06120c54-4185-4b48-809d-fe38eca19b91;108;117;
efc887a1-aabf-4125-9a3b-6ee0b13cc9f6;125;76;
bb5c12f9-4beb-4f66-994f-06961f92e7df;121;116;
4faddbfc-c126-477b-8753-6890b869ba7a;115;174;
118e239e-8c9f-4bbe-b1ba-b806fab6f356;126;105;
f8bc81bd-7622-424a-99f2-3a8c9df2924a;111;104;
2b6df8dc-7a3f-4def-b81d-441d4fe6a94f;128;122;
c68d6406-cb18-48dd-b854-84eac6a5ce52;85;84;
eebf4854-de05-4ff1-a039-7f52616e0b71;108;104;
c4c2f04d-223a-431e-8aec-bc6b733dd37f;76;93;
31e71abf-25ce-430b-8ec8-c6266b15e5de;98;129;
00059ec9-ba02-41e1-9212-1a661ea89b51;108;119;
84fe8e4f-3c35-4e32-9286-65e07a3bd8b6;106;119;
d43313cd-23c0-41bc-a452-a475b63f8021;62;76;
84b42d55-c297-4f63-a60f-afa16b9f9efe;107;122;
cbcc00d1-825d-41c3-bc47-2ee724018ec0;102;118;
9df309f8-94b4-458d-ba0a-485ae6903131;147;114;
3a6174fb-9a98-4a0c-8240-9517bc877073;76;107;
582d2673-8ec7-4c9f-a106-ffcffc70b3f8;109;119;
c201668e-5e63-44b2-84dd-514c5f260b3a;87;117;
b8a4c74c-2d98-4bae-9611-49739786695f;116;93;
e7b90f3a-47fb-4399-adcf-40bf9d567b18;106;76;
9682f0ae-1cdd-47cd-80ed-09515a4cea37;127;89;
cf3a1f1b-95cd-4b61-bd84-7c45c6164722;123;129;
35fe2253-302a-44ec-9064-1df363d4f455;95;117;
a2ea7a97-3b35-4e2f-93f8-415280f4b3c5;128;85;
5a9247ae-7986-4010-b41e-47cda47a08f3;131;113;
15459318-c8eb-411e-8b9b-ac0ce9ad91a3;91;112;
b795a660-fa91-40cf-bf53-b8edf0798667;90;110;
04380835-ac54-4ac2-ac08-fa23253ee773;139;78;
54da0851-fa89-4f60-a229-7fc3c708cc4b;93;126;
6e4dd023-4271-482a-8d5e-77fe3a6c1573;85;96;
c651b3d6-36d3-419f-b1d2-68117f833fed;91;107;
57abc82a-6c81-4489-aa59-579685e01980;61;112;
35088ae0-e8e5-4b67-a389-4a5b2d54cb0f;87;99;
74df177c-48b1-48d4-8a39-9683806c7718;107;86;
cbd71711-3507-4646-be60-390ad0360a6f;99;102;
a776ad45-5352-4b00-bcb8-ff8711398b58;100;114;
b019ae03-3fd5-4cdc-aafe-fb6aeebe82c9;98;114;
eba183ab-74db-49b9-ae7e-7865ba2cf0e9;106;105;
0b96ebca-bc96-44af-a30e-a56679a78af1;79;87;
44e09cd1-8139-4495-b244-14010c02c65a;82;93;
a3581d96-844b-4b6c-952b-a9aa2c696b54;101;108;
08347a71-6a18-49b0-b3be-e84da6e71872;112;104;
3f0122b2-5445-4059-96d7-2234506edc69;112;115;
e98b8d5b-0d67-43e2-8238-6d251412db4f;117;130;
e023c0b8-9fde-4584-893b-d1234bdb15fb;92;104;
a8112aa3-16ed-44e7-befc-8789507ed71e;109;128;
29496252-83e0-46a4-83e1-f12dbd4b8619;94;88;
7b33d37e-e842-4125-a9b1-b7d3410fbe78;85;102;
aaf08989-09f4-4f72-9faa-934caaa356b6;95;112;
f3b19ce2-7c98-4178-a9bc-c545856a51dd;71;139;
96c89f74-632e-49c5-8a66-fba14bf1449f;70;113;
7e42e535-47e3-4936-bb72-f70a246749db;84;129;
b1ed2fe7-e843-4d30-acbc-024a30447706;116;110;
6fba33c3-ab71-4cf0-bae6-a914898eac0f;111;85;
071f2483-fb59-4147-be3f-db9cd8fab668;97;105;
8feab223-deff-4301-9796-c5723f956874;123;115;
c7ccb7a4-e6e7-48c7-88b2-db839acce3a5;123;124;
2d7d8a6c-6b4f-46a7-8916-9c6d54d757f7;66;111;
7582f325-b33f-4733-a398-03f4d6ef97a3;89;109;
51064602-b388-4f58-bdbb-28ca29298f21;106;100;
944fe3cc-998e-48b4-8c2c-a6824d1ab0d0;74;117;
5b0b0e89-f428-4fd8-8fb8-868f25b6068a;99;109;
bc352b91-e61e-487b-97fe-f12ea5855e53;105;127;
8dc37fd6-5b85-4868-b95d-a2e82d5cc9d8;124;119;
8cb08c38-7d0e-4f08-86e7-0bd7a4cbff83;117;112;
d9ab392a-db73-46b1-b345-3e420c5c2299;107;92;
e7743443-16f8-4cf6-864c-d2e000b379e8;110;127;
2f516bf9-5093-4138-8e3e-c2121b6eab34;69;124;
76988d04-2610-4382-b1f6-37fe301393e0;93;122;
632e7973-2cb6-4257-bb64-b3550d8413ff;116;81;
84ecb973-dd23-440e-805a-2a8edee5bbdf;99;133;
b2c7c787-a277-48cd-9a16-f38ec0e48a78;144;124;
8610b07b-9b01-4cb6-ba57-004672a49880;104;118;
1f56c7a1-3953-4d81-a60a-ab753994d399;74;122;
7ca15ad9-6713-41f2-b8ba-3e7dcf2b72c7;124;110;
f35ace9f-b34d-45cb-adbb-bc293546d4ca;151;138;
27e8a668-7794-4b22-ab5e-cfd8bf8efc40;97;107;
14626502-a123-495c-a412-513051a61ac3;118;141;
4508f286-9529-4afe-97c2-15701e581186;117;113;
33244cdf-3140-4fe7-9a8a-78c117888173;120;164;
afdd7f28-3b79-4c5c-835f-6dd8f05a34ef;96;105;
7f4363f1-7fd0-4b37-97bc-5f9369ae95ce;149;109;
5483b8d1-dfa0-417e-98bb-ec9976db2abc;94;113;
28017662-2fc2-4b8c-93e5-1ee901ac1908;110;109;
a2291ce4-40d1-447d-8f9a-99a765f97ad2;120;119;
f38e0743-7926-4716-96ad-1e4cac4f0e87;118;115;
a3ec3d5c-ad00-4313-8e4a-9fde23e80d62;98;120;
b2dbaa92-50d5-48bb-afa7-221e0e572050;95;91;
daa87fcd-ae4e-4462-b45a-6bffac683d48;86;111;
b7a9d7fe-d44b-4120-845f-fafc9e342904;100;121;
fe583266-64cf-463b-ad94-b4d18db71724;66;111;
d7aae67f-cbfd-4ba8-8302-0aa89c619088;90;110;
89ee83a9-a4c5-422f-8c74-c799598e0792;107;131;
66f0c7e0-f3b1-4a50-9d5b-be52271f2a18;109;117;
e9e67c02-21e4-446d-bca6-79878913cbd4;121;92;
c4e79a6d-3820-4384-8332-92bdcbaf6f39;101;97;
aef7b4aa-06bb-41bc-87bc-8bc0361bfd4f;109;95;
14b127c6-60e6-4ec9-8b6b-af962081219a;117;104;
e64e69d3-f65b-413b-8491-6acdf880840d;95;110;
46a7f055-8b58-4cf8-9f4f-41f94047d20e;65;93;
8b7eaf78-54b9-469e-bdcb-a4662bde42ee;111;78;
6cb30266-22f6-4c2b-874f-a0f47e42b158;101;101;
277b1add-f2c5-4e4f-a45f-a6972bec1aa0;107;116;
aec76c93-9c39-4041-b91a-bf12f343a0fd;114;107;
f4e7a92e-f33d-4006-8cf5-80ea54e0779b;127;115;
ec18f95f-0097-414b-a526-52b897bceb44;130;108;
151624a0-a3ea-4358-81b9-ec59c90dab89;111;127;
51bcc549-bebf-4c9c-9f06-e6f4bf90f24d;133;138;
0fb4bdd4-b8f1-4e45-9f87-a5aa8d99595a;131;105;
f7d69e45-9ba3-46e3-9085-d19b4a79c035;118;137;
f9a165bf-3689-43b9-86bf-3e68d38c3569;118;148;
40066195-6609-4be5-b02b-65a620094bb9;118;114;
0bdffe21-0e01-4bba-828a-729bba793278;122;100;
e9017fcd-a574-4fc6-bbe9-2073af577ba7;72;104;
29627759-23c1-4d12-bf6b-3556e8dea884;117;114;
762b8df7-2d91-4de2-92d1-12be0d6c329f;94;126;
e7331819-e4f5-4ebd-83a4-3c7c554c8d34;132;146;
c074f9d5-c77a-473e-b4d1-77cacbe701b5;127;94;
ebbd35a8-9878-4f70-9e86-366b0c522826;84;106;
abab7e92-c7ad-408a-96f4-caf7dcb880c8;85;112;
c6936ca5-49e2-403c-97db-4bbd4da853ad;116;105;
a4a750ad-4259-4f86-9eb9-78dde9f682da;119;120;
0630e8bb-27cb-4f63-b9fc-2dd50f431c47;99;130;
67424372-87d8-4e6f-8db4-37fd3f0d4908;84;122;
333e71ed-5768-42db-a532-793ec73f32c2;85;91;
1b5c49d4-b8e3-4b8d-9c89-1b13a12e2f4b;106;121;
63ff5e52-afb4-4d33-ad8f-57c562c50498;126;138;
4dddb4c5-1b87-4403-b1df-68d9181ae4d7;112;109;
b77967b2-1385-4236-a0ed-5fbba7390833;82;125;
a106dc0d-fe6e-469d-b6e4-9accabd7a791;105;111;
ca55250e-c926-42c9-91a7-bddda83dbb32;102;104;
719609fe-4098-4cdb-aa47-c76ff83d8513;92;92;
51101c65-2f0f-4027-baae-77b2e6690d83;84;109;
66d9526d-4630-4e31-a37a-bd9acc515b75;85;133;
5f4bb367-d51c-4216-969b-480e4ff4bc0c;94;119;
ddea55b3-823c-4a32-ac5f-8a4cd41ae5ef;84;104;
739bef59-c8b3-4447-9295-e609d36bb217;153;156;
0f7a3e90-36fc-4d85-9795-dfea5352da72;108;128;
cfba812a-3f91-46cd-8647-013bb4e31064;137;124;
15bd00b1-f284-4b82-8d2d-63f16f8b0b95;126;111;
22b736c7-02cf-4cf7-b526-f527d7cc378b;92;114;
32d179d5-9224-46d7-9e27-91977ea639f3;108;105;
aaff78be-9514-4ead-86ef-d47215b6983a;86;109;
83081686-2c11-43b7-9dcb-753cd5bebfd1;113;113;
01a35ac8-dd23-44fe-bc71-927f494d1db8;126;103;
f4c34d34-60c9-40b6-b843-4de415f10363;94;103;
584d0126-17a4-4649-afb7-c09fffb97cbe;76;92;
26f14c86-76db-410f-88bc-bcbeb92df2f0;116;103;
e2266d54-a855-4cd2-a48a-c5c8934fd368;121;91;
53649ced-45ea-430a-b193-3e6aa1d6381a;117;109;
c824ba9e-3a5d-411e-b8c6-3d5b5d3275e7;95;72;
e413c153-e6b9-4b85-9e41-42accb9501db;136;128;
9fffa3ee-c528-41a0-94bb-e20751ed9f4d;57;93;
a529e779-03f1-4897-aa26-a6d5fec4f962;96;111;
275385cf-1513-49de-bb82-9f7675ecda9e;109;131;
bafacc83-2dca-44a8-9788-2dec15af0703;90;79;
efad7a6a-44c0-446e-950c-2bfea547ba05;108;119;
b9b75757-fb2d-4617-986c-96872cf98291;107;122;
e9132e93-626a-4b61-842d-6d7d5a480012;100;88;
e19e223d-246b-4139-9ede-beebb8957022;97;120;
55cd888d-7cab-43ec-9c93-a41e898ef23a;97;88;
4f8d3869-4fef-49fa-89a7-cbe8c24faa1b;92;124;
4adf8ed3-d3e9-4d81-ab06-6ee68f9dc99b;91;97;
76e528de-af5a-486e-a8f2-20c2fb92b47b;46;100;
0b322674-ad62-4cfc-acf7-ba79815219c6;98;115;
7dad9d62-8f2e-4083-a547-a3919310b00f;76;111;
1c9d2643-05fb-4c41-96c9-91cbbc8eefa4;86;131;
2792ad41-b470-4aca-b2f4-5cab13ec1027;83;116;
58856d67-5cde-476d-bec3-dee549782fda;42;121;
0c19e1b9-6b38-4292-a22d-de029b5f1d69;92;109;
1689c006-5c25-4121-a60a-97254c32439a;102;147;
cff636a4-7e7e-4fc2-abc8-1f2f8df56adc;118;103;
6ed251bf-bf58-4b33-8d00-402de1594b07;111;113;
a5054ce4-8701-4c2f-9dfa-7518078fe4a2;77;104;
da58ff8e-141c-460d-8a9b-81990e18806d;122;98;
6c96be65-bf5b-4aac-81fa-41aee361210c;86;119;
54fd2cb8-4cdd-4c4c-b7fd-a46e26e8c989;100;109;
c26006b2-c5c7-4118-8f65-a4942e7ad04b;58;97;
1bbcc0b9-4fdb-47cd-bf99-f7b7ab695b15;73;115;
5b8cc27c-392e-49e3-b3ab-aa1bd3dbf820;94;92;
b39a70cd-d428-4256-8d39-58579080221c;135;114;
74b913c2-3da8-4715-8ab1-d5ab90c69381;98;132;
b60a3f39-da84-4ec0-b305-f794c05d5e7a;38;112;
e24e6d12-e157-4058-822f-d08ecd9204e2;126;163;
749da75d-3040-4eb4-bfb8-bf7265dcd4d9;103;88;
09cee989-59de-49e0-8b81-e6368508f9f5;117;96;
ecf38084-b20c-40b7-8735-a333fb576081;103;108;
8773c9cc-e047-4a40-9ffe-1b1b3005d20f;77;124;
1d08f704-86a3-44cf-a437-c357c09d1552;94;116;
99caf3bc-d644-4711-8569-5b433940b0b2;125;111;
920085f1-a121-454b-bd00-bb3ab499fc9f;112;123;
582eacc6-a6be-41a3-9368-140449a985bb;58;90;
e98cd756-4641-4561-81a3-94c6c5aea87f;138;111;
f2b16af0-62bd-42f8-ac56-0380a8007253;120;127;
70951f85-07eb-4c0d-b408-265896b857f7;83;107;
b71080dc-63f5-412e-b35d-f3584025ed14;105;124;
857c95d2-af9d-4218-865b-2812a97aeb7f;101;98;
03409ccd-b5df-4c20-a423-54f69e78f67e;77;119;
06ce46c7-dbb6-49d6-9e0c-aa4f25f38533;121;109;
afed7c26-53aa-4e92-9c47-4d3637831fbe;115;92;
f10451d9-3c2a-4737-b5fe-e24476203822;91;96;
d488a696-7d9f-4328-be22-319fdb0251f5;84;120;
3fda04ad-2df9-446e-aaf2-c8bc366568d4;108;100;
37a18eb9-8c42-430d-aad4-81b89c014e44;82;88;
db36ee9f-7137-43f5-a5a3-4cd841788682;80;143;
a776283d-40fd-4cc3-8015-d9923c673929;113;121;
8dc1606f-8630-44c9-bd78-5c72e063444e;110;111;
90015bfe-6e9e-49f7-92f0-c93387e92498;76;114;
3f11992c-900c-4995-bd40-9b4ce8182fa2;125;121;
0edd72de-5889-4e13-92cc-658c4cd10088;166;95;
824436e9-b114-4500-9ed5-c3acb6034dd5;118;104;
b9a2f035-7c7c-4392-9ea9-d6aec3a8b9f3;67;110;
30a688df-4a53-40d3-b805-7f04aebbd5fd;134;125;
24a2c119-6f24-418d-a748-fd2b4f18e21d;87;126;
bbfd500c-ccd8-4b38-a630-9256722635bb;104;122;
5cb15b0a-e5b1-47b8-aca7-a7ba14722f84;98;82;
6fefdc49-27ca-4864-ac71-cdbc2b0e5cc6;106;150;
083a02f2-c4db-4e6e-a49c-86447530b5a1;123;101;
2ebcea46-2056-4cd7-b770-9028c825fbc5;85;99;
29d6f433-01e3-44ce-b4ae-43cec80b6c08;98;105;
853a9548-c531-4dc9-b97f-2018838fd079;85;126;
bd7b517d-5279-4fd2-87d6-3606ccbdc96c;116;119;
e74b9baf-9465-465e-8e02-e232321b1b75;119;121;
670933ea-33c8-4e41-bcea-b137578098ab;77;86;
7e07e13e-a123-445d-b118-9e1e9a600d50;99;127;
4f7b527d-c05c-47da-80ed-3fd3018dbe9b;68;110;
889b45c9-afa2-4f67-8fbd-a9659c4697bf;108;100;
f808274f-8c72-48b7-a343-f5143465b58d;93;127;
26b1ea94-797b-4f92-a169-f523a0c314a3;123;139;
3389cb4d-ad31-46a1-a5c6-7ff8ab50b470;107;103;
01d2e286-b2b0-4b89-8934-e32c6dcaf76a;112;137;
c9f016e2-b56b-46ed-be9e-12aa9c683abd;94;130;
8a173f05-4941-4747-a94b-a085f9135e39;94;144;
c50d5103-6a9e-41a3-a5d2-8cad6ba325d9;99;118;
1e43c578-ef97-4195-bbe0-048738ed9af9;37;140;
3820b646-6042-4d82-b786-5c6edc4619cc;93;112;
f6ea7bee-af8d-4f06-874e-c90306765423;125;89;
68bc5265-bb8d-4fa5-825e-7da4fa8a4995;144;101;
56b6091f-1c4b-4325-935a-67fc203e3875;81;121;
f000f5a5-f9e2-4fc2-84bd-2926d618a8b6;90;108;
57d15e3b-7fa4-4a8b-a0fe-94ab2f6b94f7;163;124;
bdfb7250-289f-4fec-8058-ba2aa1912802;144;101;81;
e4ffb47c-9003-40c5-823e-a25fd770467b;110;69;101;
3d083517-9326-4fa6-8567-d0e408e3390f;108;115;127;
611f3d67-be70-48a9-a81d-8edc95d9f08c;99;97;118;
ec6fdaae-26c8-47f5-b233-47d647487b60;65;63;93;
7ed99282-1718-43b7-b24e-96c12fece242;101;92;93;
cd8dd064-0a95-454e-957f-38a783547234;69;110;115;
ba8c18db-b14b-4d01-ab4b-b33427b3f781;91;119;83;
5bddf4c2-c1c0-48bc-b595-0fc6a62640f6;110;89;101;
9e591d05-1829-421b-9fc9-cfd7025f3c22;93;100;120;
556a7574-82eb-4871-90b6-4e369161726a;68;108;143;
37a9a686-8c88-45cb-b4d9-061dcabbc3ee;111;86;91;
4978be23-a448-4011-9aa0-4d0463e884a1;92;84;106;
a66cc486-c167-4d33-b650-71cc5adc3f78;88;97;112;
cb1ba1c6-de9d-4ff0-9620-287093fc5e79;96;108;97;
cba7b649-40d4-43d2-a338-1eaa267c847d;64;80;77;
076e99af-9e39-4766-a415-d8a6fe061eab;93;121;113;
8be75370-9305-4303-a6da-341ff1386eb1;69;100;121;
50fe1969-ceb1-42bc-801c-e56c8fad667a;96;95;75;
cc1b5f57-c8cd-4aad-a3d4-8bec9504aec0;99;110;114;
367460ca-e9c0-445e-aa89-64457a73f3de;123;57;110;
76f49116-5c95-41cf-bc2a-0a9103d76f3b;108;83;121;
987a3ed1-0488-4ca7-a3e8-3e25f5f28e4a;132;55;102;
033357b5-962e-40ea-bad9-5da8f4b5adf9;102;86;122;
533aafc3-c9c7-4965-bed0-4c6b8a18f7b5;80;84;97;
8c6110cc-d048-4b27-8d3c-2659fe6e4c6f;96;57;119;
9cbd9537-fa05-4d90-8de9-5abd561af1d9;102;123;93;
c0eb53bb-84b7-474f-9a97-0a4279bb6174;103;96;84;
06e5aab9-a4fd-409e-beff-6c9fe82997a1;76;105;104;
2d0dbd49-e1e4-4cc7-addb-bc841cac423d;103;43;100;
77bb7a93-de6b-4df9-978f-77e55cf6ccaa;94;123;79;
3895a798-b3c3-4153-a4af-e4ec08a5fbfe;74;91;102;
f3a9f7c5-e7b4-4ce4-b9db-d9af434ae581;64;76;61;
3780b502-58bd-465b-8aff-a1d751cd8681;127;65;119;
a16fc0c0-0096-43e5-b196-67f4d5732f0a;98;99;123;
e62ce1f4-65c2-4a4f-a08d-62f5aa4181ee;67;75;110;
b6787ce0-4976-472c-91db-63bb3bd8d931;123;102;88;
5ac0b2b6-d083-446a-8775-6dabc7ed632b;112;93;90;
d1751943-3494-48b2-b83c-9a13fdb004ba;57;96;133;
35308a67-977e-4d08-b355-dac4720723da;110;92;74;
a58742e9-b49c-4d44-ae59-4c1307457372;82;80;88;
98f0c61d-efcf-42e3-b883-84cd89162b6c;96;86;101;
1fb695cd-c0d5-477b-8df2-ee122ee9c2a2;105;89;115;
0aff052d-5875-488a-857d-ba191cf99be8;100;75;112;
b9037dd2-36d1-4545-9822-0e97a2f4db47;82;69;120;
9ea0675a-f12f-4dac-b182-ce0fd858f944;104;109;91;
344d89c9-8205-4db3-845d-088c39dae7dc;86;78;74;
493dc135-a2c1-411b-a1b6-79aaecd8c50b;91;110;118;
f7a7c318-6626-41b7-8213-17e43172973e;77;95;105;
e455603d-ad73-4c6c-8f4f-f25f9f68f6e4;110;83;88;
65a046a3-e14f-426f-8f27-47dd21f40e84;77;91;110;
9fdd8fe6-abcd-4860-9398-dfdf075ca79f;80;104;113;
ecb652fb-300b-4c56-bd00-e12fbe5a9de5;108;110;125;
6b712b99-9dda-43b1-97e3-dce800e19721;109;102;108;
ae1da746-a844-448d-8c39-2b871ef4a14e;86;80;115;
b26adf19-33da-4c6d-bbb0-b846f5dacda5;77;91;97;
e5949b1d-2c34-4e51-8a27-3c8e0c8e515d;85;54;105;
f1baf129-b443-4c41-8765-0b45c2a677e5;113;88;117;
00ad1d37-52a5-4c77-a381-fac49d2be424;75;125;115;
1e513d06-53ae-49a1-8819-ee90eb5f7557;79;98;114;
bc832842-6035-49da-bf9d-4899a50c5877;102;104;107;
d32b7646-b1d2-47de-98b5-16e7d46029e1;97;107;93;
94c030fe-83e4-480a-a38e-b8445edd5751;91;99;64;
bd4866c7-445e-45e1-93d8-f900098f4df3;110;82;91;
c27f682f-945d-4211-81c5-05f0a8e9dc2e;113;112;83;
9838f3be-68a1-4804-8796-2bf3a9fe34ad;59;95;123;
0f1a8b08-59de-4ed4-aca8-c91e2eff345d;115;105;118;
2df5aabc-9e9e-4807-8f2d-00b8a55c5075;74;82;106;
72eae41d-d27c-4d20-b949-735e73f335dd;83;87;113;
9f5c7dd1-12b6-41d2-9531-ffb685c856c4;110;100;106;
69bd29db-d9e5-41c8-8097-1c0b274a3d40;79;91;99;
7721c2f6-8289-4a2c-b55a-f3e1b47e8bf4;99;83;128;
3924cf6d-2021-440c-8303-8829e7535877;106;75;122;
9efd2451-0d44-43fa-b07e-fd752f4e3d09;119;107;140;
e131822a-dbab-4b6f-bdd9-db44ee588334;139;108;89;
83957501-209b-40ca-aeca-144874abc0cb;95;111;59;
e1d82667-59be-4cb9-8c81-041ed199763f;106;125;115;
9d8b0e2f-566e-4ab0-9fda-c4b3e0263419;93;119;80;
e5c68b29-8861-4397-929c-01a6f10eff48;103;110;101;
1047bba7-c3d5-4c4f-91ef-d2380a98f753;85;93;81;
71b85018-6c16-447c-be67-b77cb4a05bf8;98;78;122;
642cb87c-d8b3-45ad-9e02-9cf9981bf5cc;78;97;110;
1f7d4325-6175-4cbd-849a-d15059d2c93a;119;79;81;
4e973566-fd7e-4a64-bb57-79337059583f;94;132;96;
ec67c58d-cfd8-46da-bcc6-87a09c87e969;116;71;74;
c21de681-accb-4fa6-865b-3a0abf4bddc6;118;95;115;
01583ba4-8a53-4a27-b37d-365b1f6b2481;103;100;118;
50433bf8-17e5-4503-87f6-9a92683a4a89;82;89;107;
e3ea5321-04b0-4b84-ba3d-ac0baeca730b;95;112;69;
a8166a44-4d37-4d36-a2c7-6fd177820b07;71;114;103;
bac2f6cb-934c-4c7b-b56a-8c535d7dba32;69;97;124;
07974b42-def9-4473-bfec-ed6013b3b9e8;104;103;119;
4ca412b1-2638-4bd9-a461-add713678fce;106;101;108;
2086904c-a9c0-4f58-b341-8c42ca517c3c;92;93;103;
93bfc6d8-496f-4327-8210-76fcac37a4c0;100;103;114;
dda87244-731b-4bb4-9d4b-46f57488820a;79;78;79;
d2962dd9-fa19-4233-855d-957a7b5616e1;76;78;107;
10537fb2-8fb8-47ea-a83a-fd94e7f85f1c;108;131;116;
590ff892-6fd2-4fa0-8e20-31a25da62508;112;75;120;
3cb9d5d9-45da-4f3c-965f-0d9cc9e661ad;94;111;115;
ff1d5ae3-77a6-4432-8728-7cee4180fd0e;77;60;112;
8686bdff-f73f-4598-aa87-736312ab0cca;108;87;86;
b812ec89-163c-486e-99e3-874a646ad071;114;98;107;
c32ff4a7-e596-4034-b3dd-363846e37692;124;115;107;
5ec6c499-737e-49b7-9c74-8e1759414716;98;56;111;
47c04eac-12dc-4eca-86b6-360f5980c83b;90;116;124;
7e2d89d2-5d56-4fa4-af61-d73aab90701f;64;107;114;
3c1e250b-9e6d-48f7-8a64-4ec96bfc9020;92;92;104;
c67556fe-138d-4d0d-a441-146193f5cf0a;109;107;107;
77f76981-ad78-4ef9-ad75-48f6c27cbcde;98;105;120;
1be2ed54-ca31-4569-b450-b4dd6a65b609;82;118;115;
1fa68127-ec7c-4766-820f-a1750277922e;101;99;69;
d3004edb-68aa-4c63-9e21-904d7f7b21d4;76;105;87;
bcb0047c-4eef-4bc2-8f3c-a154dd765cd0;88;93;107;
38a0ebe4-0579-4fe4-9d32-073fb71eee86;82;95;109;
b4b1d5d8-cfaf-4380-985d-73efc40cf3b8;112;99;115;
ffd3f9ee-6052-4c0a-a833-4b6f0c30775e;116;61;118;
54be461e-7ff9-4e70-a3d2-79221532d44a;100;106;97;
b739d3d1-506a-41b8-933e-3325b8e9e732;103;92;116;
b59447f1-e0a6-4cab-97d9-79670531664d;94;110;76;
dcbdfab5-8a14-41b3-a575-341c3b5d2422;74;90;123;
eee331bb-9e7f-4e71-9aca-84bd0ad105c8;102;74;94;
102217c1-ec83-48a6-8d2a-8733adb0e23a;80;84;105;
a3bb2895-5b4b-4d8d-a2ce-71500fd2f300;126;91;108;
2907a254-ac35-4043-8b33-6d2a198cbaab;103;94;107;
7eee94db-c0db-4894-b7c8-faa1246b1a05;108;97;106;
47242fd0-874f-4c22-9f56-5082f2cd7484;90;70;99;
dd9a719c-bc35-4b3c-a53a-bc0a55ae36c5;92;72;81;
51163735-4b08-43cc-b2b0-ebac93e367e0;91;93;115;
b004cf9a-1d7d-4052-8403-e210cba66526;104;107;87;
98bfa095-26de-4566-b91b-3b0f73d48205;69;104;77;
835a86a0-94cc-44f2-b513-5b86541a1281;58;102;128;
0bb04978-4c20-4395-bc1b-0bcba3bd81aa;102;90;96;
19149a57-9cf7-4e10-a5d0-bc3564f69a9d;99;83;101;
74abae78-a1e6-43ec-82cc-3b5cedecd623;113;108;110;
21951ab8-c119-41b1-83b9-97a70396381d;75;119;124;
a7751f0f-1f7e-4223-abf4-93c3ce8627fe;83;86;84;
ba50e8fa-1d88-4380-88a5-eef40751d694;88;89;110;
28dbb069-1485-4e6d-80d4-5ec246374405;53;97;107;
2618cca4-53a3-48ca-a1f8-57fff333b3f6;80;65;127;
cee737a3-e376-4a39-918d-fae97ceee22a;62;104;76;
3484a401-0ba6-436d-ad24-720de4daf03d;105;105;112;
ce9fd518-dd28-4c42-ba87-0fe10437d50d;101;81;72;
d2674dee-feee-491c-a10e-e02c6597afba;75;81;111;
da4889e8-e0be-4566-bca2-5b3c151351c6;97;88;111;
6ce41a31-e8e6-48fe-82ec-f826b9dfa57c;76;92;118;
bf23d904-71b8-47be-8281-1ac02c0f74ff;99;94;118;
ae3cbff2-714b-476d-995f-7bbc666bd987;90;94;106;
8831948e-fdc1-4078-b58d-98519c1a8f8d;96;117;87;
b8e8e691-647f-4ead-ace9-5e80d33c5798;111;77;112;
616914d5-67ce-4d41-bbbf-5df5dc7061df;115;86;112;
75eceeb1-5f69-49a2-8999-c343776b3ffa;70;65;99;
97975d4b-fed0-4e76-adce-738c393641a3;91;94;110;
e623a176-e162-4a40-b2f4-d5f9ffcb046e;124;67;96;
25884867-c388-49cf-ab85-49e696739374;89;88;62;
9b487581-bda4-4bc2-8c20-e7e8d71191a5;79;98;110;
36ecbbbc-085d-4f9f-9711-efb7bde038f5;68;95;103;
2c8db7f9-37f8-42cd-9701-8b1b9df61f23;120;123;110;
19f48abe-1a78-402c-b4c3-63b2ed272c04;85;108;104;
c17ac35b-4947-461b-8441-f1b0bcb5c866;102;100;108;
cd8e8bc6-5ab7-454f-ab2b-fea723edd30f;104;88;107;
77ef4df0-c271-48df-b4d3-3a8ea9262436;107;92;100;
8b11ed9b-d6f5-4bc4-90db-d39c476544c2;91;80;140;
e2a97558-d2aa-4c36-aba2-464cca03b7ab;108;132;100;
77316e62-9531-4cf9-bf7a-6f42c394ad83;100;100;86;
f7128dc2-ac4d-4f12-826f-26f5cb0c4eec;113;100;91;
a9f7ff7e-a820-4adc-ac93-64390976bc31;113;125;101;
66f36142-6c94-4af2-8319-3d70370815be;91;95;96;
634eb12e-f1aa-43f1-a065-406237bf4a4a;91;115;92;
ecd83ce5-f434-4e59-8793-ecf0e69b6a3f;99;127;122;
eee5850b-d6c8-49c9-817a-dc589c2518d5;82;75;112;
ab467c40-c4f4-4bd7-8230-8ddba83078d3;65;100;89;
accdb6f6-db93-4628-8c2b-a8bd650649af;77;106;89;
3502feda-c673-470b-9638-39d82665c71e;91;108;110;
fe70e9f8-ed53-47a3-8182-cbb77552a45d;110;95;107;
5cd85d1e-4e04-4f6f-886c-9a35bbc17223;127;68;117;
efbb575a-ff59-4e8d-b85e-41258f103758;113;105;110;
1849f120-b644-4403-a15e-f523d625ca51;96;92;116;
30c74d56-0f45-4157-a007-b141f7775946;115;105;94;
6abb246c-2aea-4fb2-b74a-38e89849711e;135;118;106;
29671595-505d-4e84-8e40-850413cd5554;97;109;112;
2705aace-fba5-4bd1-8eeb-7b27a40608f5;125;91;67;
adca2c21-1fc1-4de3-9d90-4c0b157676b8;140;109;130;
aacd8b2e-4c0e-4a11-a45b-e8f5710d0970;66;107;110;
61aa92f1-7177-4b17-af88-6b3f91774325;102;79;84;
b60a840a-2816-4b88-8f2c-540b4cf61384;65;78;98;
e107813b-4e14-4670-b239-91c3a68105b3;66;73;100;
318f8f62-40ec-4376-bf90-4b220bd480d4;108;87;119;
fd4eb4f5-f6a3-4db9-a45f-bcc644f4e1fb;125;85;121;
e44a3bff-565a-4148-89c0-061cfff6fe5e;104;90;108;
88b61e6b-f154-4992-b52e-e22078c539a9;104;88;96;
5a6c7d97-0365-4ab7-a352-8d4796da35d1;65;102;117;
c6ad7938-b8af-411d-ad65-68762c964e2d;84;70;115;
654dbb50-0bec-4c1e-a4b9-5d93296d9b10;105;106;115;
750a550c-7ffc-4f46-a249-961908c9b8a3;85;108;113;
fb6f9bdb-50c2-41e9-997c-a0c0fcc93a03;62;99;107;
c1107901-74c0-4b75-8a52-6145c21bff49;80;110;121;
7cad1019-698d-4d19-a177-d9a2df0674f7;120;87;121;
b41796ef-da8c-467a-86c9-40b10221a60d;111;102;108;
72a9a20f-31c6-4d94-8ae1-9904c5b0e7f3;96;86;106;
12698b5b-ddaa-4da4-aabd-250c746a35d8;51;76;119;
ebc66e3c-dc63-486f-9b84-4712cf547fb6;79;82;104;
2f9f8cfd-2014-4b07-a7f4-afa84de16233;119;97;111;
1d02bd9b-23d2-48e9-bf0b-2e4a4155633d;117;72;95;
a77a1dd9-719a-4e63-b281-b950a76c2cd9;103;112;95;
b0ac8e50-95a5-46b2-a5dd-a745f3e7b9b9;90;124;98;
4f811265-65a1-46b9-a591-f6d0fdb1f26a;71;79;101;
d9164a48-8d9b-4806-9bce-458e539fd5fd;115;86;101;
f1d9fc88-3a24-4bad-8bba-65872007b043;79;120;118;
dbf55b33-1e9b-4f2e-b123-2d50793c1fa0;77;85;112;
b18b4ab2-4fb8-43fa-b363-0fe254a2b85d;106;113;81;
82c203b7-cc5a-4e87-81b4-fb42236b0c3d;65;117;106;
c7d1b171-cc24-4c5f-bff0-7ecc914debe0;105;62;105;
f83a487e-97ba-45b0-b029-8b19c17016ce;80;89;117;
0ac21487-cf23-4c95-90c7-11e5be66f245;111;87;126;
6dd548ca-a06f-44b2-8bd5-578f865cc14a;119;125;120;
db16408e-378c-4203-9ec2-75ce1b32c7aa;106;90;111;
eb11e108-e170-4a7b-bc54-4ec9fd61f50e;83;80;117;
1d89a23a-3f36-44b2-a65a-d3c157f269ad;95;83;92;
e6a1c0fa-059a-4a7c-ad8d-da07febfe5a9;67;100;92;
ff2019bf-02fb-4ad6-ad5c-286bb7183b2d;102;94;131;
79ea9222-8906-4099-bd96-602ff0ad8a86;90;108;149;
f246604d-32e1-4a7d-a7d6-a4e0435049ba;75;119;88;
9615946a-265f-4042-94ef-b8416bb1911d;123;121;106;
4f701c47-2953-49b4-a1b6-9cae84bc0712;93;113;117;
53c26b5b-4cf1-4cac-b255-0d0933c947fd;114;91;129;
92fca72a-6ca1-4b38-ada0-30c84262c51d;114;120;113;
f94df979-ef24-43b9-be22-da44a77ca687;83;112;114;
af13da5a-4ffe-4c72-81d1-ee6532c84f03;93;78;73;
7ed91cba-6f98-4c5e-8fa7-f15e8d1b10d3;130;91;103;
10900dad-580a-45f6-b9d8-1e3178bac8be;101;69;129;
e2332b73-f92f-4db3-88db-49e22c464ac2;74;78;100;
f6ba408b-7cc9-47b7-aaa7-4b16bb9ad471;120;95;57;
97f942b9-f684-44b9-94f8-b01d4ed550ff;91;84;84;
0abbbdd4-a5b9-401a-a9d9-e4efef12dda3;111;71;79;
896afc63-2b61-4256-8b67-3f4f96f968e5;107;84;82;
69945697-d16a-46cb-aa16-622858969ca0;64;126;110;
3511746e-aa19-4fc9-b42e-051c8af3fdb0;97;114;130;
cb061a46-f887-4259-88d8-b69e99780173;99;81;89;
1ca7ad7f-fe99-4f9e-8867-2636accefe7e;119;92;86;
eec86398-97c9-4e4a-b64c-78b6f095f2bd;89;110;108;
8dafa5fe-5795-4a53-87ca-b1ff0a566c5f;89;86;127;
c2d4f115-8657-437b-b586-26f2b46d348a;82;75;134;
5ebcca87-df9e-41c3-b7c6-d00642372dcd;89;14;87;
c4ca4a84-ec3d-4fa8-b44a-84cfa466ab19;88;120;96;
3456899a-8137-41c4-a2ab-8c7a1f8802c7;119;132;92;
8fe3a703-ea56-4d3b-bc28-6f267e9785de;84;100;110;
a114a8ba-8eeb-4071-b06c-53b97b7c425b;87;116;115;
52aff731-70a4-45f3-8f1c-0587775a7436;54;77;108;
d5b803ee-9f7f-46b1-8788-8f331a00dff5;91;102;127;
268f21cb-d90d-46a4-919c-c46951c20274;115;72;111;111;
dbeafc4b-1166-4a16-b396-01d83570c8f3;66;107;79;104;
d06d2574-af77-4b72-a53a-f6cc94dc4431;43;112;99;103;
64768003-8286-420e-9ad7-f6668d81c1ed;94;96;97;119;
c32f534e-3317-4ae4-bb2a-c605104483b0;109;144;77;99;
43225232-b719-4321-b0be-4e310ddbfe5f;62;97;56;130;
d9b7b785-2a34-48e1-a457-b512e5fb95a1;62;78;76;113;
98be1113-65fd-4404-b210-2d09f687508d;86;93;80;101;
2bc62993-a668-4cf7-85c1-ad896b33124e;78;68;59;117;
772adf7a-b80f-499d-917b-1f6d9c2b01d0;110;77;91;92;
d23fa935-2ae2-4cdb-9f5e-5c771c23fe3c;93;107;58;89;
c0c12d64-044a-48f8-82ab-b696da04b56e;80;118;95;91;
19e7e202-494f-415b-8ae5-4f2ade21ebbd;88;107;95;105;
8a5a775d-8f1c-42a3-8eca-20ed57012ebb;79;104;76;97;
6fc5e9f0-f043-4cd5-a5cc-ecb29d5ca733;89;73;102;118;
36904354-8ebd-4a3b-8240-ecde86de769c;99;118;112;122;
12f91d8a-6bd9-40ea-958a-0cd22edee7de;106;115;90;129;
5f8f0be8-4f4e-428b-b041-565fdfe4cb1b;74;114;131;112;
9242228c-97ce-482b-8071-1d507c9c49dd;104;109;135;110;
04277f9a-6ee3-47a8-b6e0-3af236ddb5f7;108;88;66;119;
5ffd90e6-15d1-4c54-9acb-c2c630dfa624;87;89;89;113;
7f65394c-8ccd-49ad-857d-02d4141a0788;126;60;88;117;
ff8f3ce6-9aac-4f95-a85c-a355e97f2fff;76;123;107;95;
2b406bfd-2e14-441e-80f8-c36a4b8c85d4;101;125;107;114;
144121c6-0948-4428-a7aa-a76df1d95a07;97;125;71;122;
c126790a-80d0-405c-a744-62a086e883c0;72;79;107;114;
64b358df-f474-4098-812b-61a860a74db5;96;83;60;109;
eb0173fb-365b-4e47-98b3-18346124f987;91;95;119;138;
2c7e382d-5823-4c45-aa14-054c7576652c;109;93;108;89;
3de1bf09-db3b-403d-aed0-ca068430602e;98;103;81;118;
05c1ad52-724c-479e-b762-8c676d211bbb;83;102;78;98;
bba099ac-ff47-4d38-8006-aa5c400a5353;77;92;104;84;
49b835cc-9fe0-43c5-8457-07c793af2fbb;111;74;107;109;
6a02f749-a9e4-4d5f-8223-08b3ecb44a3b;126;69;68;138;
32a18a03-e0a8-421f-b2b8-f155390f071c;82;105;124;129;
f94c277c-6a0d-4940-8882-5599189b0962;108;103;70;106;
124b1508-382a-460f-8de4-a8cd5a9147bb;68;98;60;122;
b46f0f69-4562-472f-bdad-8fdafe25f02d;84;103;45;110;
8b932396-c431-46cf-9fa3-307ac5a676a8;130;130;138;126;
723df65c-db2b-4178-8c20-977dfa88f502;94;112;112;87;
698d054e-4b36-4f72-af81-e0747a5bcc3f;70;71;100;120;
c7a4f290-dd4a-4a50-a572-fb3ae2421539;73;91;119;121;
05a95f84-bc26-4b89-a205-05b6295965fa;58;51;110;97;
6716c21e-2f60-4756-ad22-9d04e5c597d8;107;122;117;124;
bd1105a6-2cb0-4898-bc55-8ac42d4d2660;94;97;109;126;
09856aa8-f57a-427d-89cd-08fc87dbc0d2;113;103;77;100;
e57eb22c-6513-48fe-877b-6cbe474ff72c;102;103;103;120;
11178465-1360-4ad3-b311-129e6f841655;97;103;108;83;
46b3d2f0-32f5-4d80-a4ce-a4f0edd28419;72;76;116;100;
d0e17226-307a-4960-b6c8-8834bcf59496;114;63;94;90;
fc536900-4fcc-4f3e-810f-1ff351296f91;80;94;116;80;
a89fb5c6-8fc6-40d6-88b7-0dfef90e3e47;102;100;90;127;
fe209ab0-f9ac-44f6-8272-b6c07d50dab1;129;70;88;112;
fc4295a7-740d-4614-b8f3-cda95f01d3c4;64;114;90;118;
590a0f87-6355-41ab-860b-8d3f67bbe767;65;71;77;94;
37e469d5-9bdd-4b6e-b005-6c7f5865e848;80;69;82;91;
8ab9ac44-6b11-43e6-9dfc-aee36210aa86;73;80;70;84;
d6e6d08b-ad55-45ed-a530-b9b326d4cd19;148;108;106;111;
e8eec415-5c0f-4b3d-a8d4-6c4a48301bd4;65;74;82;76;
85ce49fc-0e64-4dd7-b631-9c1a8b6a5eb0;101;87;96;86;
cc98df43-55c8-4310-8106-f8c834326455;83;72;127;106;
1d9e43b0-81bb-432b-bf46-6487b8434bf9;90;64;77;111;
2221f0a0-05c3-46a9-9452-b233608794f9;125;98;81;113;
340478ee-a135-4bf0-8f11-28eb3b325f3a;102;66;92;104;
9efb3482-f591-4c22-aaf6-67ce62bdd0d5;115;116;109;131;
4c9422b2-ccbc-4d81-9edf-815c0f1e217b;78;98;108;131;
32f56a2f-6ec9-4cf7-bad8-0c91e53c2539;87;128;119;115;
4fa88f0d-7ee7-4fd8-b2e6-a3cb9a21ac3f;53;94;96;135;
9607f3aa-7db3-4420-b177-5e1bcab1caf7;92;86;102;78;
e86f54ac-50f7-433e-9313-6b570f13ae0b;116;116;120;96;
e2c4f6ee-6fc1-403e-939b-882f99ca937e;129;100;99;117;
257704e4-7218-47f4-b5aa-4353248a7c9a;102;89;89;118;
5ebbcb8e-59a8-406b-a956-eebc0321e267;94;78;86;77;
5ecbfac4-d2ee-4414-b54e-172cccbd2b17;121;96;98;112;
6535e051-9f47-4607-8649-b567f34ea292;111;103;95;134;
d5a90c96-9c90-44e1-b663-2375818fd261;85;137;115;100;
49c5c814-7a77-41e2-899d-8603add21f80;127;116;74;123;
3ee7ad7e-fa45-43df-8c8b-06bb4c407fac;82;70;85;98;
258ada09-2043-414e-8119-06cc12ea4d88;81;84;117;119;
8441718e-eb9e-4770-a01d-0eeab3c88f4e;115;97;72;90;
376ace49-82ed-4573-82e3-955b2233c6d3;63;85;104;74;
0095f026-bfb8-423b-b3bc-d432f6061e9e;77;101;95;93;
980e894e-3ecc-4d04-916c-1304c5aeb1ac;125;103;107;113;
a9c6fa9f-8450-4765-b5d0-972058559625;51;132;72;85;
f78ec0cc-0092-4fed-84ab-4925cb63ee99;97;86;93;112;
aed80fd7-fd06-4376-9b48-a4adff27263e;96;56;60;111;
bcd189a4-6a66-4719-bb55-a02108bdbaea;94;98;109;112;
ec00878d-e6a2-451b-9a1a-a6a5ebb650b3;118;85;105;120;
1031f280-ee5e-495e-9525-d4699a832c87;97;116;124;105;
1d9b7676-d1cf-407f-a507-aa5339c2a425;103;111;105;112;
1a1469aa-0d84-4695-af44-5d1b09464963;105;123;94;106;
6d4bd11a-49ce-4271-952a-f18ca196d8e9;103;100;79;125;
1f4161f9-c11f-4269-963a-923df8a599ce;95;99;90;104;
6c34959f-9b51-4536-9f48-9e2cd9e9afb6;87;69;108;77;
691cee45-6a38-456a-8e2d-9a3d002c0b5a;59;73;64;84;
e04030a3-4507-492a-895a-d41e20f6962e;89;88;76;114;
b365a45e-7ce5-4785-bcdc-440c6f86969a;116;101;111;131;
aeb2256f-ca3e-47a5-802b-d7ae970a7a69;105;119;83;115;
6479dcdb-5ed2-4581-892d-a4e4cdd65e1f;79;110;118;138;
c4c85992-a29d-4c31-91e3-1a4a7e74d1b3;89;64;119;116;
9d7565e9-66e4-4104-aa9e-b6389beac39f;130;126;94;108;
27ad051f-113e-492b-822f-facfed7fe002;83;128;108;123;
07f282a6-fec2-4457-8b14-3da7e5bd20c2;90;93;109;74;
1fab0ae6-e034-4aef-bb00-580e8297be80;44;62;74;83;
d707d624-015f-4e7c-ac9b-e97d84f2b57c;103;97;112;125;
d4b08118-ce61-4612-8032-90cf44310b6c;80;107;94;92;
77187b6b-3d44-4e30-9841-62d49a58821b;92;95;118;105;
7b9aecdf-1bae-4358-afcb-a8a2186ac7d1;75;95;93;131;
c04a4671-9073-43f3-a10d-b1ae6d7e430a;80;94;84;122;
2c47c167-684a-449f-aafb-78ab0fbf581d;75;87;114;91;
624f860b-7fbc-47fa-991f-b438ecbe3641;95;93;91;89;
ca3295e8-3885-49e0-8d56-a53513ab834b;79;85;118;109;
700ab623-c139-439a-848f-71ecc779e8f0;111;66;108;112;
565794a3-7ca9-45c2-a8be-cca28a55e3c0;103;94;88;110;
bd049432-d2c6-4fc8-8f10-3bee575bc914;80;88;77;98;
a5abbb8f-b69b-433a-929b-c17faf4ba91e;88;106;109;86;
f00676ca-2443-4359-a771-ba575d52e6ce;80;116;97;108;
d43f0071-1869-41ff-8545-52ed393342f5;63;105;81;106;
5a8d3f76-6008-4fa4-9dee-90b83bda0149;88;135;86;83;
235e9619-c906-40c7-9054-b4d90dd29751;81;66;87;91;
3b029d52-8c66-452f-a24b-39b68bb8a1d3;89;84;76;116;
57ccf434-2383-4e75-8c62-1dd0eca7e97f;88;103;102;104;
24a78978-5dd3-4175-b55c-c36cd98ee133;114;115;99;134;
cec5b3bc-c36b-4902-a18f-991d7b48fbf6;108;84;110;95;
3c017fab-8987-43c4-9432-2f86a55f3ed0;78;97;97;124;
00298056-c306-4f21-b371-c3eb67c7d774;81;94;103;124;
29b0376a-811b-4a85-acbd-9d56a4318ed6;80;98;70;82;
ce854477-80e0-47fc-999a-389ccb2c6efb;98;76;85;103;
f0d9e31c-9733-4f46-b0ce-8748e5122235;98;97;122;126;
6bd8d49d-6504-4d2c-aac0-b721702b6c79;95;68;87;112;
6c6d5340-2eeb-47ce-8074-669eda8fc61f;90;89;115;124;
79d9da9c-3c67-43e2-81b8-629c50136be4;98;102;80;123;
5e4cb2c6-86aa-4a84-95b8-755006c227d1;68;81;122;97;
c1a64c48-8424-42ed-84fb-96e127c011c8;79;91;57;107;
07f6580e-1143-4c26-8976-9dd00badcf83;53;131;73;111;
3bf3a8ff-e95c-4f22-94bb-2fb35e87b6f5;116;98;99;105;
ae1564f4-e711-483a-866b-3863cf1315dd;94;98;97;86;
c13c5105-f4d5-4918-9d76-c0efd90ee142;60;73;76;58;
45313d04-c6b6-4fcb-9f7b-e543ac4ef4f9;98;86;57;128;
36aff430-f857-43ad-a04e-f29c6da6e430;126;121;123;93;
968ee195-7ef1-4ba4-b92a-1a02096594ac;84;78;96;86;
f54a0434-e7ee-4bc3-99e3-a4cdda911d35;124;127;112;86;
d787bd4f-e9d8-4ce8-90a8-21524e643af7;66;93;98;115;
6b832fd5-50c8-4c0e-b599-b5199f521dad;109;107;85;107;
30d9bbec-cd08-4180-a709-1e75d481bcb9;78;93;88;118;
9c136804-ecaa-4d59-b56a-8486d19b471a;87;102;75;120;
4101906d-4cdc-463a-a81e-4c93f089065f;88;95;125;113;
9c3a9d88-6ec3-4d44-9d99-fc3dc2e3eb14;87;129;115;115;
bca0625e-4fcc-4697-8273-f1edd9ab88e8;106;106;120;105;
6a1c91c4-2686-4547-bf6a-f411ff29e9ed;99;98;84;182;
bd13a088-9a34-44e4-8ba4-053b918f097d;120;116;84;118;
326d773d-dd00-4ec4-8276-0a7b2bea57c6;130;95;89;110;
ca4346a5-157e-492e-a085-0b491925030e;76;95;94;130;
478e617f-e9eb-4ca6-bacc-d059c57d8df3;62;94;117;108;
648f3638-2444-4cfa-a8e7-ecd9cd44a2a8;84;115;85;105;
21885f7c-8d20-49c4-84c0-0f432d5dbc67;99;88;89;95;
7b6571b3-0edf-4e91-873f-d97974e95ca6;103;106;125;138;
96201a8e-159a-4265-9483-c607f40b54b8;89;74;68;80;
9a7fbaf4-3fb1-4778-8b2f-7271fb53d300;96;135;85;122;
89a22718-cee0-4daf-adfd-e3e3e8654bc0;96;113;132;97;
58e38a1e-2072-4829-8b83-68e85edd3035;91;95;111;87;
9de309b9-ede0-485e-b193-b2274f9b908e;85;97;100;110;
83ba20d5-1770-4b73-b884-262c033dce46;101;93;89;137;
0948dad3-cfbd-4cf8-9711-1bfde53ff9de;74;103;80;116;
64341b67-73cb-4cf6-8cd0-07d4572f943a;97;68;70;107;
e87c75bc-6b4c-4b21-b23d-a3c28cc1342b;81;114;95;129;
91d4370a-8117-48f4-a075-99753ece17ae;123;119;93;113;
7944141a-0054-4e7c-b2a7-d76326b63413;86;93;102;107;
cc01302f-e356-46e4-b539-05e7e5d813f4;103;100;106;88;
bce65375-c295-4fdf-9e83-80e1f9950b94;73;98;104;106;
53699c2d-01b7-489c-907e-8cfc1ff3ac4d;88;52;106;123;
58035ddf-86d4-4f22-bf78-465e2b59a745;103;106;90;115;
e05fd154-f672-4b5e-970f-69a1066acbc5;85;131;122;127;
dd10ad47-7d5e-4c6a-bf67-34aec17c39cd;138;118;105;151;
a9f6ee09-d717-4237-a308-a05f0d36c586;106;102;92;95;
4d176051-b1b4-460d-b826-54befa402ea7;65;73;87;102;
5ab6c0ee-2940-4ec2-ba9a-625dea0df2e6;71;116;90;99;
b5a2f838-250b-4be1-8b5f-621c4b056e0e;94;111;107;135;
e5171e71-7756-46ea-a33d-1edc1b80a7e1;101;122;89;109;
2d108d82-6abf-4cc5-8900-3f7e80d17704;117;113;121;113;
34750e07-eb62-4874-b0b6-eddb465f4636;90;106;122;108;
a16ee11c-70a3-4015-9eff-5c7afc465c37;123;79;66;112;
048b2ddc-3bf9-4fb9-8829-1e6c8d790c22;114;135;123;101;
dd7e5f51-0eef-42df-a4c1-0cc6969487be;101;102;135;95;
56dbec28-ae68-4dca-953b-820ff5876f35;115;87;111;87;
cf4f2ca2-9d6c-404d-ba87-30dbcd2513a1;86;131;92;109;
978ac997-9639-4cfa-8264-ed953963c46a;90;123;167;106;
cd8f3a3c-109a-4c8a-9df2-5a5887a624f6;121;81;76;89;
3f02a88c-bb86-4f8b-b1b3-0395930e6451;76;123;97;123;
d75f9c64-4741-4c40-ac69-872b8e2429bb;114;79;102;71;
80ca125a-7cfa-429d-a3d7-015f9630e536;140;109;122;91;
126646d0-2e62-4282-92b4-9e588843f243;98;106;54;110;
92674ac7-bb8b-48df-9b8b-162ede4c3d1a;89;88;135;102;
94b53f4f-72d9-4778-bb69-7eb4791ece6d;103;94;86;121;
fc937083-8ad7-472d-b275-8e66db068416;96;121;76;127;
c6c638a2-2348-4e01-88e3-b9126c397b5c;89;87;78;113;
2f890d2c-4e54-4082-950b-56fc3ebacab4;105;102;67;119;
9fce7d5a-74a3-4139-a709-0aad77246d18;73;95;98;110;
78a463a7-2ba6-492c-b8fe-a2c3375246ef;105;106;97;103;
e92e2725-9021-41e9-99cd-3fe906f80bad;108;97;101;92;
b1b22ab7-746d-4951-a56e-f687bba6af71;98;110;92;120;
c8117a72-e9ff-44b3-9511-8ced65295476;95;89;84;122;
dc7c7d7a-d56d-4185-91cd-73bfc1ed716b;117;139;123;103;
f81d0259-c76d-45dc-a798-055b209029c9;63;60;61;99;
9c2e2bc5-b45b-4b45-ad4a-c0f226761dbd;90;73;92;85;
f6240188-f398-44c5-9d13-af5dedbc4711;77;139;102;121;
9d1fb679-c8ba-4c16-a03a-9425fcb589f5;99;99;97;114;
0a0a7231-828a-4400-a237-712e7d3dd71a;75;76;101;125;
73ba22dc-da53-46be-bb66-3df58a3ca1f1;81;62;50;90;
2a709f03-b35e-4994-b706-f1504c02fb6f;76;84;86;92;
b437147e-0204-4b89-9bc0-976e06904f08;90;88;82;110;
3b532663-f8de-4582-95fc-4959229e96f9;112;87;115;70;
c4b02da3-1e06-44ab-84b4-c8198f9d770b;114;88;89;99;
fd1e2e65-ae44-48f4-8110-14cda70f18c4;107;107;115;103;
f7caffa6-cd38-4119-b071-65852887339d;121;102;113;107;
7c9570b4-7234-4ebd-b7e2-46e61b55cc46;79;112;92;112;
d4f69baf-02f1-4f75-9457-f192eb1409c7;127;72;111;109;
6b5387c7-695f-4816-9c4c-b4dff080e923;97;95;94;111;
7aaf3ffb-f076-4fd9-88e2-68f71e87dd27;96;71;86;113;
32d47991-091d-4abe-be55-c887da423a82;112;127;118;114;
c982a5a5-5c70-4311-b9eb-ee1e8d3e370a;58;86;79;125;
116305fc-d7e8-43c6-9439-c40690dbb60f;126;87;121;119;
c578355e-f588-404d-9a7b-2db8d8e693c6;95;75;82;98;
51e50a08-52bd-464e-8b3f-f37e4da351e7;82;101;85;106;
ad9d9cfb-e52b-4e64-b4b6-6ef3fa9ddc5f;92;69;81;101;
a1199528-4c07-4cb9-92d3-ba5ae247964f;93;104;102;66;
ba3d61fa-80e1-4550-b6d7-d245516c8640;91;76;72;129;
59c8cb9b-e215-4bd9-9614-51dff58b8fcd;112;70;147;129;
8a22ac0c-64f1-42f6-a259-7982497287a2;84;83;79;106;
93a727c7-cbca-4ed0-abe3-32d1e3858b95;109;90;75;78;
891369c1-2717-472e-b9df-8b171a9c0213;77;95;95;107;
daa0cbec-5a07-4b3b-aa4f-6f1fcfe713b3;82;90;109;138;
27481392-d4a4-47a8-a843-4398ae5b3c35;78;99;68;100;
74224ff6-9950-4332-8513-698832d1ef64;88;77;68;109;
649265c6-5187-4641-a7fa-77078853115b;70;78;88;78;
ca647c04-6215-477c-b370-018f8d699afe;95;126;110;115;
4f210055-a4cb-4343-8f2a-450e930df187;75;107;60;104;
a031135f-ac32-4217-84c6-b7ac061dfe3b;68;91;83;113;
66beb311-aed2-4329-8bd4-3d91c0947125;93;121;114;112;
aec6c0d6-d56f-4dd0-a59a-006f4fd1fa35;97;76;97;133;
ad4cddbc-f59e-41bd-b4f2-1829b8bd3194;83;49;91;113;
13f74da8-1cfa-4cdd-8430-dfed7d95f9c9;91;95;80;145;
c86ef676-7244-4a75-8644-f861de36f47e;109;93;91;115;
b8ee65f4-1c40-443f-a931-be712575fcbf;104;100;118;82;
fde7f7ec-159d-4109-aed3-08cb4544d8e0;75;105;93;96;
b5a71333-e5e9-4697-800c-90ec43730341;112;90;62;133;
0d81c9e1-14c9-4ea9-838b-40b243b5c8a2;82;87;115;95;
b19c1532-c5a8-4480-910d-5fa765fd0c1d;114;90;86;118;
91eb8424-a3a1-4db9-8be6-785c6af2de56;134;106;104;98;
91a949fe-5001-4cad-b255-3be75f831b3f;80;121;96;114;
622d9a04-58c0-4c6f-acd7-233ca5b912fb;122;112;102;101;133;
91ba1402-52d7-4822-b23f-6919c22c98a7;82;117;82;83;117;
8ed10e59-fa6d-4c61-93e6-8f312cc44984;80;83;83;78;104;
8dbfff6d-8b15-4e9a-afe2-4db445ef0bea;124;108;67;80;86;
243a235a-3cfa-4ceb-8fec-f94dd8afeb2c;74;95;65;78;109;
ba54c37c-8129-4ba5-8f50-ba8d65dd0a2b;100;64;124;112;104;
6f7eb3d1-7cac-4362-bfdc-ad125eb6aca9;100;86;121;121;144;
f855c8cd-1f69-4198-9b46-67f2a7e05f17;117;84;96;89;120;
37ec0848-59d0-4f13-9d8c-3079145215f2;96;109;119;126;96;
7c74b05f-1808-4a1f-901b-53af21b616f6;93;97;108;81;97;
615aba17-0ab8-4797-84bd-67baf5008d35;112;92;89;117;95;
b8716a7c-f2a0-4ac7-8c99-b015fff74727;65;103;115;86;112;
cb032cc9-4490-4146-b3f9-f9cc9ed9df05;78;84;126;77;73;
77d8e73f-7259-40c9-95f8-b17f5a0a7fc0;86;76;121;109;82;
b8ee7056-8f5e-4e0b-b376-27894c847a1e;82;80;72;88;102;
fb98eb81-fc8d-46d3-822b-c4c04186a761;100;64;93;65;127;
27aa5ece-6f6e-482a-834c-a68386e53b81;83;84;88;101;123;
88302b40-6e01-41d9-b7bb-d02c6d844f3b;138;74;117;74;114;
41600e30-05e1-4304-b373-a48f078e6fcd;85;80;85;45;120;
18711da9-0053-4a38-8bf3-cf3e3b37b649;85;113;45;96;87;
f69486a2-a371-4682-9fc1-dde132d30bbe;97;60;76;121;129;
8ad9c058-b9b2-4fbf-a862-d2088889c946;87;102;62;104;71;
e1fa2d5e-302a-4533-bbdb-4e86196ce4c8;127;83;110;143;113;
acfe0b03-350d-4352-9652-7be0bad8a1b8;101;123;98;124;107;
e852b045-4c78-4391-8ef8-ab00cc2b6e5f;99;106;117;106;60;
32f2c234-6a74-4f3c-afb9-9593491d3bb3;72;84;72;101;77;
1a9571fd-f975-4a7c-a091-1469a3fdb29c;56;103;83;87;113;
5fc7ebfe-f443-48a5-a7b3-10343f3975e4;127;94;106;111;109;
84fd1957-15c1-40fb-885f-418c32903927;73;74;124;128;121;
ec34d2d8-4e12-411d-9654-f2eea9730799;76;100;86;55;104;
f849dcc0-964e-421a-aaea-9d504bb709a5;92;132;99;58;112;
40393d74-883f-41cd-b0ae-7e550b10c3ef;116;100;69;104;107;
a1821b1d-b8f9-4223-ae61-79dfafd25b8d;75;117;107;136;101;
6dbaf488-6a79-4768-8af9-952419cf5291;126;137;131;95;117;
967a8a2c-69bf-4dee-9dd7-a86597d3627a;112;113;101;125;96;
9f1d133e-0aac-4ac5-9841-b5fbe0c3fdbc;103;85;95;84;124;
cb406fbe-cc60-4046-992b-f76e143eb642;97;93;78;95;75;
602eb4f5-3b1d-4789-882a-f1edd7bc5aa7;86;101;101;106;90;
d95ada27-e40a-4d52-b323-3b630cc755ed;97;95;74;59;90;
29819144-9acd-4d82-80f4-e14549b01f51;106;120;112;122;103;
f35b6b3f-4b08-4d90-a1a4-17a553fff54e;150;77;108;116;123;
a194e544-9406-4e62-9e29-93800e2b3883;105;98;86;95;109;
b3d32b25-c437-425a-8a66-f35737fdd508;90;78;97;89;106;
37ec9cfa-2dbc-4e28-a224-fad4b2741877;106;102;92;105;86;
35017da8-c971-4169-8d06-87f467c1d634;66;71;96;94;97;
4a277061-2c12-4b3f-ad99-c9395bb3dc0a;92;84;66;68;54;
9412b944-f1cd-4fb7-a97c-d86ec1bdb2e6;95;77;70;60;145;
30b2ffac-fe1b-4f37-9e51-4934a8342c81;86;78;104;120;72;
ba11c000-fd11-4278-832c-490528dfa055;98;81;73;68;109;
85a85f09-8056-4611-8726-874380dcadb4;82;86;105;82;117;
edc505fa-b87d-48a6-ba60-b452846ac298;101;80;113;153;112;
5d09cf1c-d43a-4822-afcd-5504fe7bf3bd;97;94;62;110;73;
b23a1db0-2392-40f1-b9e0-7e8f9add2cd7;89;78;94;95;107;
af12ee48-2d8f-411e-ab4a-5e426fb5c3d5;103;104;77;87;111;
5e6a3010-fc8e-4ece-b0c4-54b9ef790836;67;69;82;81;104;
d24d44fd-0cf3-4763-a00c-8f6142b0404e;79;63;99;61;75;
170164c9-5c0d-4846-9a94-13481e091bfa;71;134;112;92;89;
12563eb3-a98d-486b-8675-3f177ffe6144;97;89;94;75;110;
73cbf26c-c2b8-4bdb-84f0-efae5b8c812d;116;106;112;87;100;
572a8ee6-3328-4c27-ba80-686485f2d3f4;80;113;90;102;104;
c1268933-5cb8-4b78-b621-03832cd50bca;102;86;135;95;115;
f4cd40b3-1add-425d-8b2f-0e9d46ee3027;68;97;86;73;93;
2cd8e2fd-e4ac-4df0-b634-e4fb2bd3a82d;93;122;79;96;99;
b3eac325-5444-416c-a200-5a0880dc49c3;108;77;92;119;111;
4bd6a5b9-b2bb-4ae2-ae4b-b3eb0bddfb03;77;74;59;118;109;
1c7c1a8e-f25c-4ae4-af2f-2732ba113d29;67;74;102;114;113;
b8b9c91f-117d-4e93-a2c6-4be3bb69a794;89;112;60;72;47;
c7eecfef-2ab3-4a73-bccd-68043e3646e0;85;86;105;93;112;
52556fa5-d96d-4ed9-afc1-f0d61196533e;83;104;80;108;113;
6f9fe1d5-6241-4158-b3b5-202f4880d79b;85;102;75;93;108;
7f066928-aa57-4f53-8443-28412c77424b;66;71;93;103;87;
b6009061-e302-48bf-8dd4-c60b7bda4f8b;84;76;87;106;111;
cd74a4c5-8943-4338-b82c-5a4a2fe22444;86;56;81;93;112;
c3671a6c-eb1e-4859-b911-802a22b8b8cd;118;77;95;84;118;
dd02b21a-4387-4814-ac91-29ea9b1c24a4;88;99;82;96;112;
15915cbb-5341-4636-b382-a34880d01395;95;94;89;129;111;
b84fd1db-b20b-42ea-be7e-8f7664b5e21e;101;103;108;60;109;
7d7ceb88-bada-422f-b1c3-93b66780420d;93;100;89;95;118;
f75269e7-c7db-4011-a5b5-b371a5086095;91;123;107;82;116;
29aa177a-7f61-4108-ad7c-25a24cedf194;131;115;111;84;115;
c9dd8924-bdcd-47a8-8e31-a128754ad2c2;100;93;100;77;93;
bbb41dcf-1733-4a9a-8506-11a309c99ef9;86;69;64;72;98;
eb626142-7b45-43c7-942b-6658765cf447;106;117;141;85;68;
fe7cd460-7d88-4f87-a483-552cb4b8f643;103;106;100;93;109;
bdbb63ec-fe8c-4c4a-929d-6f0a428582f8;80;115;84;98;65;
0eeae5c2-8059-4867-9974-1e5d21db9e51;93;84;73;62;82;
66b13d10-c41a-4968-b964-c82a1ac8d945;121;100;116;121;106;
999edf82-d632-4a2e-88a2-caf8aa70a23f;111;87;116;58;110;
8c8de6e8-732d-4bee-b0a2-d49855991ef6;94;75;73;111;140;
d4548e68-0745-4a35-a458-f693c4dfde85;53;117;104;111;112;
e2fcd2ec-b42f-4d40-b30b-a74490bcf713;76;83;99;87;93;
8c123490-c2bb-4338-b3ea-d8e7622b9a03;107;82;92;121;116;
75371575-dc16-4bce-bbac-7a9ca50b4ce6;64;89;70;57;118;
0fcbd81d-f0b8-427c-9838-e38446d8cd63;90;111;85;78;108;
15ce2312-0f43-4381-a856-5300d9db2ddf;73;109;113;65;105;
ec5b58c9-ef31-45c0-aee8-58c1b7724be0;73;121;79;89;130;
55a13d9f-e3de-4772-a8cc-8e6aa2b85e4e;75;60;75;95;108;
6447197f-c579-4161-b919-9d6f46c4ad9e;93;88;114;106;95;
b516789b-3908-4ebc-8820-84dea67a8b1e;64;56;71;118;98;
7275ec5e-ddd2-4e1c-973b-4f4d6511d597;91;85;117;85;104;
123cbd73-5966-4769-ac6e-fa3b0c5d7bab;91;82;83;93;70;
60e3100f-a1ee-4a31-b477-fc0d4b48d7f4;107;73;115;101;115;
f029b87e-1f3e-4b8e-b821-7475cb7043d2;108;91;125;91;132;
a5d07a74-b019-45c2-8d9e-a905104c31ef;104;126;81;80;78;
96eca695-343a-495c-8581-7e4905f0daa8;104;68;82;84;117;
a720401f-1b0f-4eb7-aa1f-3aa3ee79a22c;108;98;115;109;87;
1c67efbd-b92c-4c7d-b868-cef7c42526e8;84;103;116;67;101;
9d86e5fb-b7fe-4900-86ab-f64185bf8dd0;83;162;114;101;88;
6b39b971-84b0-4a35-9389-2be40998444f;93;79;99;84;123;
ba7d7c56-013f-4666-b24a-661368b3879b;121;101;106;53;89;
c6d08462-de22-4b09-9fa6-0f7e8536c2de;108;72;110;98;117;
ff2cf7e2-dcb0-404f-a333-ac29b627271f;82;126;146;115;86;
1b1bcb0a-0087-46ef-bf0d-a751f8d11bb5;52;88;85;98;112;
331eb80d-7472-45df-8894-62e1575f5b5c;121;112;127;88;72;
ee31a397-37ad-4666-9ba9-5b080c0e3c92;98;100;107;103;119;
68935dcd-b254-4e01-8aa7-f5602c15f03e;122;113;103;82;87;
897db35e-febc-4cc0-aa72-43def521c236;96;91;89;100;103;
d8838504-e506-412b-a170-8e7684318a43;117;85;112;70;74;
2b050ae9-353a-4f7e-80db-9c45b142b518;75;97;83;115;122;
a94c6cbb-f272-4dc8-bc11-a65ee8d85f73;84;105;126;97;113;
f947cc3b-7955-492e-959a-8b1061fe6248;111;106;85;104;88;
5e059b82-b491-4976-84c4-539a86a661d4;120;93;83;93;152;
4e2fda6d-b8be-4d18-a5f4-e1b54c9f10aa;109;112;84;112;134;
8fe5ccdf-d34c-4f0a-a984-07cc0de4f202;77;74;95;75;90;
ddec021a-dec6-45ac-8748-4ce1583323da;109;69;127;47;114;
d008c084-1d51-4ca7-ba97-35aaf6a4b86e;77;109;83;124;108;
6cd79800-b4c3-4d80-994b-748a13dbe4e2;94;68;96;120;93;
db36e639-9538-4e38-9700-776be5a53dab;111;97;78;98;87;
dbabce0e-71a7-4577-a20d-9958d2269b1c;100;101;116;72;124;
1943150a-7642-4efb-af60-fb066495e12b;67;75;88;89;86;
54738226-1d5c-47fa-90dd-d839e34f96b2;81;72;90;99;106;
224ab1be-1a7f-4a41-b95a-64c4674518cb;89;100;96;109;78;
b66b1f37-80c1-42b6-8480-792fcd34efa1;113;106;114;112;110;
0821c59d-6743-485e-bd20-e9edddc9a841;96;95;106;93;109;
c7220e2e-becb-4b75-bd9d-090ee2a76f1b;70;54;61;54;105;
4192d908-0020-4af0-9746-bdece0b2f38f;80;95;48;92;77;
781e7a11-7b57-40a6-8e57-1a72d0f7a706;93;65;91;100;102;
86fe4453-ac9f-446d-8d07-e7d7c1ee14d8;90;115;114;94;122;
41c1bbd1-123e-4046-9cf0-cf2b9c0bcbd2;97;85;77;116;90;
f68b15e4-7b8b-400c-9026-3c2027b32629;83;86;124;101;101;
d639c493-5350-44da-a2f0-918c1dc5298f;80;102;73;64;123;
4830bb11-437c-4baa-a769-cb0cfb0aabcb;75;83;127;133;108;
88eb3f1a-999c-455e-834b-34d8ca01784a;99;97;72;98;93;
7d704273-570d-434d-b831-c6070d919bc7;41;81;94;109;113;
5309fac3-5c58-47a4-824e-2b96e5a16e94;66;71;128;87;110;
49c35c5f-1717-48c9-8863-fd993abf9ba2;98;114;120;107;112;
791b23b2-c6d6-47a4-a221-733deb1a9e4b;75;82;90;65;90;
12fe7692-e44a-4bcd-bb07-806e3d97f80a;145;98;116;81;97;
63e32768-9eb6-43b4-9969-931b0890988d;102;111;100;84;127;
7c58f36a-657d-4ba5-b9c6-6dad7e358b50;69;95;120;79;120;
db1da793-1e5c-4405-8acb-910f33df3ad6;96;114;102;61;148;
be4e8a58-0057-4c1b-9b21-a102b5fe41d4;90;101;91;115;106;
4c3e5f4c-abe2-439b-b2f3-3ad282c80ef8;85;126;71;90;121;
43ee0de9-8752-4e58-80ed-e5bc4cb82e5b;115;91;105;110;104;
ea22b2f1-2f06-4819-bac7-25d265f75b2f;116;88;98;91;91;
e57aebf2-7c53-43c0-a125-3a1dab5db987;118;84;104;109;90;
c3b6056f-6920-4609-8e4e-326185f90a49;94;60;105;80;120;
921ba522-fde3-433e-8e48-dff58d57d612;110;82;106;85;131;
3cc348e9-7e0c-4171-8672-9182df5871ee;130;77;88;72;119;
14dd63b9-6dda-4b56-890f-b57a6c979f8c;73;78;97;109;106;
4a7b73f8-d64e-41c9-8728-b11c898370ff;110;124;84;83;106;
b149da4a-e144-430f-8354-06b67e086d84;78;99;72;67;89;
a578479c-0be0-40f3-b79e-1d50f971f4df;78;122;82;117;112;
fc3652ca-3107-4680-ad9c-b68911f0da09;56;86;47;67;77;
d92423df-1c4b-41d0-bc65-4a8ff4abb7c0;78;106;110;102;125;
414c474a-c37a-48df-a290-762f572e7971;74;95;79;103;92;
b871a9c7-f865-485d-8674-a31a7ad6ecda;80;100;100;100;120;
5899f162-0b58-4d6b-8855-268141099936;126;106;122;133;109;
97585342-15cf-4a9f-9207-e8298436a08d;91;49;65;76;87;
54cedaaf-670c-4cdf-b8b2-ae0d20354ba7;61;85;85;76;93;
c01e9eba-7d71-4f38-bff1-c66ccd1eea41;104;89;96;78;111;
bb2ecf8c-c0c3-4ada-8f81-e1737f4c1df4;83;97;116;98;101;
64203331-d8e7-47af-9a63-1d5f4ff907b6;109;93;110;112;110;
ae7c83a0-a54c-4f62-b3d8-1ec7f5ffe56c;63;105;58;99;87;
08ed4202-ae66-4533-9072-58e6ea075be1;77;89;73;78;80;
e55abee2-b004-4fb7-9ff6-7609bc406d1b;105;101;106;120;78;
cb07201b-b254-420e-ac75-343fb9336f48;106;37;84;67;80;
ff188c71-60cc-4c44-8b1e-35206ee79ce7;59;68;68;109;90;
bd503852-222d-4b06-8bde-80ee1e5fdac7;99;110;84;108;93;
1b50b38e-5cb5-467d-97e0-d77053d73206;74;79;67;83;93;
a6fce1a9-7258-4718-95f8-1e20bb47d295;106;73;79;109;69;
bdd944de-74fd-4213-9fd2-2e37f11743df;69;108;118;82;111;
194110a9-9709-412b-a77c-40a13b20ab70;108;101;78;101;129;
81fbaa47-f57b-4653-96de-ccaadfed4226;93;120;102;102;111;
48b4e643-34b6-4935-aaff-2eae706bd24e;55;85;83;91;71;
5d47983b-015d-4753-a2d4-00b73dda46c1;82;136;81;93;104;
456b2a74-618b-4105-bb4f-76d6695c160b;53;78;63;70;94;
7b73d1eb-cd7f-42ad-9d4f-2738d171cb17;99;85;112;121;101;
e1b33043-2c1c-4e3b-83b3-575d4919b738;136;88;131;103;99;
14de8f25-d3e6-416a-98cb-232601c919b8;100;104;69;72;110;
1ffa3526-7430-47de-86e9-c721d9cfd027;78;103;77;86;106;
a58a0597-05d7-4952-8ec0-a9fc64c87976;74;81;116;118;124;
b16e4672-9d6e-4b6d-848e-726bd2a9ba16;67;64;97;65;87;
57b89bee-34c9-43a4-b628-a6c5227ae7c4;58;89;83;80;78;
b9bc1a37-662a-451f-bde5-3ff8e71c404b;131;94;101;111;34;
c9819096-5857-4825-a512-6b4f02aca79b;110;76;101;94;103;
94883a1d-6201-47e7-b336-747737cdaa10;81;104;49;85;115;
e3834c94-fcdd-4ed5-b979-7b46e0af00ef;89;88;77;75;84;
44419d1e-d5cf-4b68-8c79-34c9f0f4c68b;49;101;96;102;106;
68573cfa-cdba-4874-9823-2c8fc5bef139;106;66;88;87;116;
6a54729d-8d5e-40a2-94ca-5eebd67d45d0;92;89;78;75;85;
a9937835-b9de-4875-a3c6-fa351baa2fd7;103;81;110;102;92;
ae438d76-5d91-44b2-8092-8313ad95644f;115;75;126;97;115;
81afe4da-46e6-4015-b8a0-18fa1cfa2966;68;119;59;61;116;
a8e4a7b0-275d-4afb-b61a-4712370b023c;89;135;115;124;91;
2fa8c76e-8770-48e0-9c41-d8bfd75f1524;107;100;107;95;109;
ed0597af-f1e3-4b66-80f6-f4ca8bb22a38;99;113;97;69;125;
b8213a9e-e3e3-4288-9ecd-b534f7a165a7;109;94;81;70;124;
4fdf4f33-2c28-41e5-919d-b304c9e12f81;104;117;82;103;46;
7025a316-1d41-4ab5-a69c-233d8663f078;74;101;97;75;76;
f0964e2e-5234-4298-8b4c-a5f42aa69228;102;121;89;81;97;
9564fce5-9fb5-45b5-8e88-016ca11a208a;97;89;69;110;139;
b473f33d-12af-455c-aabe-a448e8c7b554;110;118;71;86;101;
99c93a56-5998-4a47-b789-6fc6258e1a98;94;85;78;102;59;
77c8e54f-cde6-4723-89a3-7440d5553ace;51;70;78;116;80;
cf4775f2-4a94-4078-84fa-de23b96d8637;72;52;117;64;104;
40428764-2a03-4cd1-a57e-d64e4f60565d;120;82;135;82;127;
0478205b-72d8-49ed-9c61-adfe3d4d1bd3;107;75;81;62;67;
e023b0c2-76af-4b07-aaae-32d2452534ff;79;93;86;95;106;
2619c7af-f47f-4c08-942f-cfea41158432;78;105;90;87;116;
4e6049a4-b0ab-4886-bc49-e8287afe08ba;86;91;103;111;84;
bc2a892e-6be6-43cc-97ab-e607a6638733;123;92;106;105;104;
29bb052d-335f-467d-af43-e863229fb85d;91;89;91;92;108;
1251868e-9899-41e5-b924-9274e8e82d38;63;105;83;58;113;
d8a1c0c2-bdcd-4af3-91f6-24ebb7c145e1;87;94;67;88;68;
79822ec6-7e1b-4777-8715-32a5cd4102c1;127;78;63;86;140;
823dd9c8-335d-4215-a2fa-800cc096fee0;57;60;78;95;109;
bbe8b29f-f703-4580-b618-0e80a722c934;99;81;74;120;107;
3b81ed4f-77a0-47ea-8d98-d3e9a6fd484f;97;88;75;92;84;
9e78a185-e230-4f42-924f-b61e0fd8e0a6;105;88;77;66;95;
30ec7749-4e1a-468d-8819-de488a4c6ee7;44;61;98;74;105;
de1e6d50-b8d2-4aaa-b261-0c74dcc5b5fd;109;127;79;79;94;
965aae6e-6390-4747-80b7-705304bd5525;89;161;120;97;103;
96eedc14-1f4c-4f4a-aa23-633458af2a79;63;95;100;114;113;
bb5d665d-0302-46a3-a30f-0c3fbf6d828c;79;91;51;79;113;
011ad32d-88f8-4ae3-a8f8-3582eb5f9cd6;91;83;101;91;117;
189aa493-23a5-40f7-a0a9-67ea6f61bef5;103;75;72;117;80;
658c699c-aa58-4a5e-aece-c853fd3c2454;93;105;93;100;136;
e53690ca-ccdb-4d85-bc26-97ab01a2e7de;50;65;74;70;107;
287defb2-c3fa-4e90-9207-d546858c3c33;118;70;104;107;109;
cb6ef971-fe2e-40c1-860f-c587a171903c;102;96;131;102;82;
46e595cd-d416-46e7-9445-1276f300cce0;71;79;80;69;106;
1ed29c79-9e0a-4825-9465-32698caebb13;95;113;85;77;109;
5868f979-eba2-4df9-945c-fc5e3d47a15f;83;78;97;53;108;
4842898b-2cce-4c13-816e-95d24195ce68;57;79;104;78;74;
c8b022d6-fbc2-4289-b837-3865fa827917;96;108;78;116;96;
0e8bd670-ee21-43c7-a043-fee9e3743842;108;114;75;83;88;
0c78a5ca-ac68-4245-b843-6e3badd9e95a;108;96;100;103;127;
7175eefd-006e-46ef-b236-dc9fcb839605;63;57;102;88;93;
072104dc-7d86-43a5-8b76-4d685a8b724f;79;64;106;138;101;
