18541b76-d5e5-4e32-a82f-7511594b0f77;105;109;
5d3bd982-3dcd-4265-a0dc-f771cfcc0d97;102;117;
9617224c-dfac-40a1-8290-f8c25a503d02;105;151;
0e88d4b7-2064-44da-858b-c6ed190267c8;87;120;
870a15ea-9444-463e-9bdf-476509d0edcf;101;134;
9cfcd20c-0ba5-4185-ad51-2a4d279fb2f9;106;136;
3760073e-d547-4af6-9551-7b21f48080bd;99;113;
16428a73-e028-4f5e-aff2-d5bc4633fff0;95;111;
1dd7205c-1bb6-475d-8e10-e5fed13f618f;125;134;
c1412eda-a0fc-4a9d-99ae-0a5d5bbdbcb7;107;95;
0c3a35c4-7978-4c4a-832b-b352ffacb7a7;124;134;
af128b8e-207b-4c65-bab7-98371aab5c6b;111;106;
ad4a13df-9d7f-4055-aec2-0b57df194d86;100;116;
11cc3c63-410a-4fa1-b22e-be5e56eceacf;104;115;
767ed005-a37f-4a6e-aa9c-3e57558a12db;121;137;
0eac99c1-f88e-4219-b965-0b81b0d252c7;94;105;
b68f7bd7-e04c-46fa-bc37-08829512288b;65;92;
9b76f885-6461-4047-a6f1-6ec19c84bae6;97;113;
e00d7149-791a-4c9a-9f37-b5dc99c6c291;91;127;
b4dc113f-1495-44b9-8fd9-03e6d52efbd1;89;88;
b580b12c-8ce6-459e-9faf-1db359bdd3eb;115;109;
4c964ef7-4dc5-4a3c-ba6d-2d7a5e4ceacf;108;107;
9a6000b9-9984-47ff-8313-795687937989;64;87;
805b45e7-a0d4-4987-95d5-9f07741c5016;123;120;
68001bd7-22d0-42ad-8e39-48d63a6b7568;114;128;
32dea1c9-c5ff-45bf-9344-633efe12b6ce;108;130;
cbc16a1a-f759-402b-85ba-6e39c71dee8b;96;144;
5c4448f6-c56a-4411-9928-719f8e870029;120;100;
dcc32deb-2325-4877-bdf2-69c3db3e22f9;60;103;
7582366c-bdaa-4762-baf6-6d1a34c2c905;100;97;
dbf26c4d-3e38-4114-8d01-eee2fefd0461;97;121;
13c007f4-cb5f-4b50-ab0e-646425a044fa;77;113;
17b4364e-ad85-4c4f-91ae-e2a26ea4a0c5;118;119;
5c21aaf7-37ef-4921-9c5c-69ce9e8ecc02;104;107;
40db5ba3-4f40-4413-9850-81a0a7fb24e0;93;123;
94e81e94-fe1a-4b48-92f7-67f183e4a806;111;92;
bdbde369-b6fe-4d11-ac5d-bf3a76e3699e;106;80;
722b2dcc-b862-44a5-a839-49abdfbf206b;110;116;
f110daec-d118-43ed-9740-f8d44ba2dd5e;69;112;
b31a093e-8fc0-408d-ad74-f8eec03367cb;108;120;
67afa3f6-cb53-4f62-8b1f-da44b535e575;103;109;
7ff35a7a-8b13-4d35-833d-cdbb698cced6;81;101;
522bc1b0-310c-4d68-b688-b83c93de5ccb;123;96;
008d0e5e-60fc-46cf-a01d-73a22fc77cf2;91;114;
d41959ca-59d6-46ad-986a-6d1ec85c3efb;87;117;
85ce9eff-298f-4132-9bd9-19977e90eeec;102;106;
d79423d6-c1a1-4cdf-9d29-c00d00176667;103;106;
0b147d10-a79e-43a0-b929-c093153e352e;116;115;
b883b323-ec10-4895-afc3-e2cf24c9dfbb;117;114;
fc3d1914-1c20-4a72-9250-bc4751ed6855;118;105;
a0bddeb9-9b7c-4ca5-9ec0-a3eb6298cf07;117;105;
8249da1b-8939-4a82-a17c-02804d4bb8a6;93;120;
ecec87e0-0fdf-4c82-8501-fc7b839c05a0;90;99;
f3063e68-5762-4d93-af09-8ac65a1f3be9;88;127;
8cad74f9-304c-4c3d-ae76-1f41621c742b;103;111;
8fc300a0-9674-4732-8c5d-9dbee5df0176;93;122;
0c75de91-e030-459d-b46f-d840b1976f3b;92;118;
6869e111-44e5-467d-b0fe-a6ca59f35651;98;102;
fb7b376d-0864-4e25-8790-db012d283c11;88;129;
c51a8400-cd97-4301-afab-2f58f24ba05f;74;91;
8ac71948-8f04-4a0b-a9f0-2750e14b853a;104;108;
0035d5f9-8cc0-41b4-81ad-6cec91e7a501;104;120;
62c441d5-77a4-4b6c-bdab-184b2ccb2eff;98;114;
f1d7747d-87a2-451c-a964-da048f369754;96;73;
70dc18b9-b897-4560-b560-d6e0ae280ef9;91;119;
367494a8-12ac-441b-b145-4d2b0efdedee;92;102;
5ec32731-ba72-49f4-a717-2208504c8c01;130;124;
8a6b4deb-db44-40b5-ba26-c6299eea3f76;139;67;
5e62a3a8-b183-492c-a45c-c473cd6c8145;94;111;
74b72956-6dc9-4644-b493-8185136ecb49;107;128;
e45dd5c8-2f33-454e-b9f7-ba3c21fd755a;102;110;
25c1c751-2f82-436b-8409-c7d8ea989fd5;96;80;
723afa35-e76e-440b-ba39-596be6b1beb6;59;87;
a506388a-1a29-4c24-bcd3-610a9e07581e;108;78;
d0311c71-0ee8-42ec-8521-a6e54ddc5f1f;90;107;
272bd7e4-8b65-48ad-964f-becb4a578fc1;92;118;
99f6945c-ec64-4a54-9f01-35f1ffa8bf3b;87;94;
95a6ebb7-ae2a-4c87-bacf-3dc0eef39f00;101;98;
f33b6aad-9509-4c56-b54f-877b139d1b8e;99;118;
f48a6d6a-4eba-4002-b828-4b1ffcc18e34;101;112;
896f24fd-3ba2-4d45-8fcd-aa1b5f72e20f;91;121;
47e31635-899e-4d62-9b75-8e5224276223;93;96;
29458a12-2816-4aff-a405-780e3add0396;114;109;
efe3fa15-de86-4f75-b6d6-f45be7b7b66f;129;120;
b2e2a5d3-22b4-4ab8-9631-f6b13efe9a8e;104;95;
930708e8-04bc-44ef-956e-4853a01c2dca;65;104;
98ff5ae7-ff1f-4f64-ab85-5d0b927cdfbd;96;101;
f4cb22e5-ed1f-45c1-8361-e597d555cc38;113;118;
2df19a98-1669-4582-82d2-c8b60b6c5097;85;84;
b1e95f70-c003-432a-af76-412a2950eb0b;92;110;
6d6d0be5-7648-49cf-8120-ebc8eefe0b1a;82;135;
f74eddb1-c613-41ec-ac4f-06d1f1680f19;102;103;
289de217-add7-4f2f-b6e1-cb83461e0fde;93;104;
066f59d0-4f0a-4cf2-84a0-c22e01ff4c0d;118;116;
2c9f7d3f-4050-44be-af1d-1ee4a62809c4;70;98;
0dc96193-97b2-4341-873a-43f4d4345c11;113;137;
700269b5-4b5f-4899-a340-5ccc8f56f562;107;102;
d50d1bfa-af05-40ba-beb9-0e4f96a511fe;74;135;
3cf42321-097a-40f9-9f84-d1090daa8d06;96;74;
0d39dbb2-472f-4caa-90cc-96e408ccc6f6;113;120;
b817b7ad-836a-48db-8169-1502b18677bd;118;128;
d908489f-500e-425d-b9ae-9dd45496b2a6;101;80;
349bd486-f745-4553-9710-b0fa739cfec7;93;112;
3a95e574-a525-437c-8bce-05728eb2b2f1;103;105;
eaa37290-7f66-40d3-bd8f-459ea1019136;84;109;
5ace7555-b6a7-4e7f-b79c-21462635525c;84;116;
958d9d22-369d-4e8f-ba64-bb762fd1002a;57;93;
614cf985-6a64-409d-b6ad-59fa9c06c73b;78;95;
0fb44264-e97d-4cf3-8373-d38174905426;92;106;
ab0ae818-2638-42c1-99b2-2eff04cb24ee;95;114;
b5097547-88ce-4074-80fe-43b2b56dad8c;96;106;
185b3726-b67f-413e-8f89-0ecb89c2a0f4;130;123;
747fa33b-fd37-4c17-a2e2-e72dcf875ade;110;95;
03642e64-bfbd-4eed-8905-ec4ccb2b39d1;69;119;
e23b79b8-84e8-4aeb-944f-7890401a48a6;93;46;
8d13b9ca-2a8d-4f15-914e-b4531505755e;115;122;
d61c6b71-a806-4a5e-b534-5c0fca88d231;93;113;
28fc5aa0-6672-4366-b869-8be6934b7a3b;125;118;
24c5a78d-3783-4295-8224-968ad08500e6;126;118;
61cfa450-2a11-4ed8-938b-87c552fb96c4;85;108;
e85ad63b-750c-439d-becb-7c32e3f5636c;76;88;
eae4e3cf-84f7-4916-9853-217440b2bb9f;79;127;
0e5837e6-dd24-4ffd-8c4e-0b65ac27897d;72;103;
3a7dd4f7-3a01-4d46-870a-a4150dda79d6;92;115;
244b9991-d511-4972-bbbf-8aaf334f1166;108;142;
2f4771c8-2c3d-4a7a-a454-bf42e8312e60;108;135;
a0715a76-f850-46b3-b260-cb38092429e9;122;99;
0e12bf2d-e52b-4d8a-8ccc-fe9900a6c97e;86;102;
23309628-ef0d-47e3-aeb0-3ca68b38aec5;124;135;
676da434-4d78-4d04-8c12-dbaaeecb69b5;106;88;
a4334709-f903-4ea4-b3b4-8460055b9476;88;132;
d043ba15-9488-4a54-b716-32e488eacf9e;86;123;
6de3a80b-1ed0-4ac7-be21-337f41ca2614;81;110;
1de57f83-26d7-4287-8159-e2f3910b0bb9;92;55;
729e3d5b-28c6-4bd0-92cf-7cec6eb3fdac;99;115;
1a707b71-3444-4e2f-ac37-7879f6beb25a;108;128;
54be4660-d7a5-4b96-b6a3-f0728e963287;94;124;
ed1c10c8-f925-49bf-b586-d93f5bf7f081;106;103;
4de3a36b-fb5d-4020-8f6c-99b68688ac42;105;115;
bb519746-73eb-4140-87a7-adf5bf03fb14;123;118;
294b401f-8ecb-4cca-be5c-5bda14a346e9;83;62;
8b8c8094-7964-42df-917d-cf1147fa3354;106;136;
6ac72b28-ddef-48d3-a89a-101a33bbbf90;67;112;
0ff511e2-ece6-4b37-976e-deabb4382369;95;113;
ee5093f6-5e12-42da-9348-407ca9036b27;89;89;
c36f277d-96a6-47e9-9452-a1b3e5a9496d;134;96;
1d4b84f4-078a-4cbf-a749-48bbbf14ba35;130;142;
78e3b75d-52ff-46c5-9047-96922b162f73;100;106;
2699172e-6225-465a-a666-64502e7b5366;73;103;
ca826a5b-3392-4153-a02c-0eab38e3434b;101;69;
b3680d25-c9e6-4c79-bb03-a89158332337;112;101;
af17f6b7-a326-49d0-90a3-0b8cf42009ca;110;92;
6be1e113-d611-4af5-9e3b-d8e1b90cc452;109;118;
b97f7cb0-2cd8-4a71-866b-9fcd8d22d150;76;107;
32d45e50-b6cf-40a2-95d1-35a8dc73be2a;75;72;
96e8ae96-f453-4d5e-b5a1-30551be62235;120;76;
6acf55b7-5a51-4f90-a841-d30bb8341cd8;114;122;
35cb5f5b-92b6-43d1-9eb5-9b37650829be;121;126;
be021081-4560-4624-9589-eefc0fdfbedb;74;115;
9cf8e431-cb63-4689-bc80-bc9d582759c9;90;91;
f66d3416-245e-4ef8-86f6-c5a50e453993;132;127;
64ada900-9701-4d2f-8d4d-8a53e8e6794d;83;91;
742e7bd6-ff48-4a85-93d5-62ee85a7f9eb;110;121;
e93845b9-e9fb-4692-9f7b-9dd2fa701fd1;78;100;
1eca1122-7909-437c-95c5-6949d0cf5c0e;96;103;
6317c56c-7f9c-4b43-9ddc-6c419647a98c;120;112;
c7360937-f33d-40de-96fe-9d597bf3799d;89;107;
ac20e1d8-f15e-4017-be1e-1c7b2beb767b;106;124;
b9b783df-a01c-410e-9744-9024cbcc3092;107;117;
dcf441e6-0641-4f67-ab63-4313cd683df1;108;105;
906df704-c837-4bdd-93a3-89940fd16022;112;110;
96f0bdd1-0128-4917-b9c3-fdaf79af0d99;112;117;
7f464ca7-6348-460b-89c3-f8e30f4b092f;84;102;
fd36e468-e068-43df-bfbe-f2992ff37157;83;104;
29cb7d76-ad21-4f26-9cda-d0aa1253e782;118;104;
90d973a2-bbe2-409a-910e-e1cc6762e8c3;106;108;
50778085-4835-4788-ac8b-72f11f3c3d0d;113;118;
e89eaab9-020e-45f5-ac27-b42a217a0868;77;80;
b17b3899-1c5f-4ec8-8792-40ee0122761e;121;129;
0f6129a6-804b-4708-a80a-6a810754465d;99;113;
0a5e7167-957d-4c2b-b110-348768170ed6;71;128;
015ad5ab-42cc-4eba-acfb-6081c9a5cd54;95;111;
77150716-ab54-42bb-8b99-7172c3a638d4;94;109;
98f60807-fc66-4609-b3b7-94535f50bd64;91;102;
dc481c67-7cd8-43c3-b8a0-716f9b37cda8;77;117;
66b81e44-9f4a-4334-a091-bb6c205ec975;96;109;
f0eeb4fc-de88-427f-ab04-a2efa6cfde9d;115;97;
2fe47f58-e3f4-48ef-b49a-405499d38e3e;125;132;
4b14a6e9-03f1-41ca-8f71-e9b88408b1fb;94;114;
aa4196aa-6c0c-435f-a8a3-0fb568eadd9a;76;133;
d72495cf-d739-4720-986a-6b6ff02bc70c;129;110;
ebe4c1db-7980-48c7-8f3c-98e51478ed31;104;123;
11dafac4-6dac-410d-96e7-4376b257fd00;86;125;
c45c9146-9d32-45b0-8483-a51732922d2b;90;92;
f87b57c9-9310-454f-b7e8-0829d8bce2c7;171;96;
d6fe8ac2-450a-4cc3-99a3-8d096b516b11;75;100;
4cf7a57c-b989-48fa-ab03-c5738bce18d4;81;102;
5876cda2-9a57-4561-9d43-c3a78bcafa32;189;114;
dbfc1890-b72e-44a7-b5e6-6870eca1a008;96;95;
f81e6834-9ca3-4280-b68e-3b4f498c8b3e;82;123;
70131bed-3b77-42cd-b3e4-5d7f7b004eaf;107;110;
32b18167-cd9b-4cc0-857d-1b0c0bd96ea7;102;95;
93303cb7-052b-4c3f-bbc8-f234592de06c;113;129;
7ebb379c-f030-438f-8705-620ca4c5d115;70;102;
711ab132-8cd5-49d4-95a1-6414cb35cb12;147;81;
400494c1-f172-4649-8564-3254589c042c;81;113;
df22f668-35ad-45f7-bd3d-9904ca0a6eeb;148;89;
960dc6f5-30b3-4d1c-9e13-82b2d884ddcb;96;136;
2c615907-7e66-4654-9699-2de82fa0bfc7;109;103;
80cfab81-62c9-43f1-a6ed-f61102e9f070;127;140;
c3ad1d6d-108b-48a3-992d-8cc7eb059f62;99;88;
95d792cc-8ab0-492f-a8a9-6c81139f90a5;116;95;
2011aa5a-324b-4acf-94cb-c8ecbdd2eb4b;92;94;
c9857ee5-9940-4fc6-b332-9c4f00699b9b;87;112;
b0b00cf5-b8ed-42f3-aa21-e581834f5b15;106;86;
c75a4860-6a4d-48f8-8047-531fd04511de;124;92;
a3342d44-8f4c-4015-900e-985e2a09941d;115;105;
ddc5cf70-9acd-4e19-9d31-f0297fe4edf0;112;135;
520fdac8-ca38-40f6-84d4-871bea183b4c;85;105;
56bbf048-4205-4103-8b4a-c52e5b5e6f60;82;98;
e10f1b6d-9080-42d7-9290-99572afa741d;90;91;
6039f2e0-240f-4a18-a31f-76d73f28ac82;106;116;
b4935435-e9ab-4a30-a1dc-f2c3dc616c2e;80;112;
4eb800d7-ad7d-4d3c-94d3-914eeedba3f5;111;71;
13fce2d1-a8ab-4d9a-9034-63bc2a45acc5;97;120;
0eaaf8c2-7572-4ec5-9ee6-1b6fa5f65685;84;106;
dce11c3c-7258-4677-9442-b47d6699c261;86;92;
ba83a709-d111-462c-98c4-4898311f8ac1;103;104;
0f05d3c0-e81a-4944-9d69-6f922614e5aa;101;120;
eb458d7f-25d7-460b-840e-86196902b333;83;112;
80d911d7-db7e-4861-b135-bd0a8f669d67;98;98;
1419b5d8-ab9a-4d99-ab27-4b4907263706;75;110;
3410fdba-13d4-4eca-83f7-d27784df06d9;125;140;
6b8f0f01-5180-4231-b971-8e5b65a3dee2;125;101;
928234c0-58c0-416a-a786-cba26bad3389;110;87;
a6dc4637-20a8-4d25-a485-1e3d825e47f3;104;104;
1e7819a0-4b72-4734-a5a7-2127f31aa159;93;129;
c01c3859-4ed9-4ca0-9a77-12a74ae09cc3;101;84;
db8f7186-e787-4d90-8775-1318ecd26ed4;130;111;
9f91e9b6-9e6d-4cc8-b32e-010c68c785d1;109;125;
09969377-976a-4223-b85a-c30358d610b6;105;91;
d3545d20-71d2-4644-85dc-d32e875cd81b;102;129;
99b7c7da-07f8-431e-92b2-36259da37187;127;111;
25880e24-d36c-44be-8cb3-b1ec98030d34;101;105;
faf79bb4-cee4-4599-b9db-ead296a766a1;112;97;
a874722c-0a0f-4a43-957e-2d0b352e6dd6;115;63;
49c01dde-7ffb-4e3f-9012-924baa41d4e2;101;112;
1d7e1d66-12f1-44f3-bb21-be55a110fa39;96;117;
62ee4ab8-a06b-4240-8688-78c2ff93bfc5;125;93;
df8b0b7d-b90e-4323-b09a-ec833af887aa;68;97;
0f1f20b9-0107-4e88-984b-6f16deadb166;152;94;127;
dcc0a9d4-6f8a-4e01-9c66-597b51b71151;92;92;115;
b3ad9c33-584e-4562-bc57-194ef124614c;85;90;90;
ce98dd3d-1827-42c6-9689-226c48b3f2b1;95;84;116;
bdaedd9a-586d-4223-9e3f-f17c1dd737b1;104;86;121;
66c221ec-61e8-430e-b122-60935f14c870;100;89;88;
1afa584b-4399-4afe-ac8b-86f041ec21e6;102;112;143;
1a99c4fd-93fd-4453-b072-fc70d23e1719;101;96;102;
6eb62aa3-3dbd-4d33-add2-fab4dcc1e823;85;99;103;
598410c2-8bf6-4fa5-bc8b-46f4c0cdfd6e;74;66;98;
530b1085-30d9-4f6f-9073-388f6c6c1022;100;110;119;
acdda06d-e8e0-4f65-b237-c5d41b0e67f7;90;81;82;
0cd22686-c560-4bb1-92b8-ef59216cabb5;92;97;112;
55cbd151-07cb-49c3-90a8-92299375f82f;86;120;104;
9ca731d8-75ed-4b2c-992f-fcbcf445dbbd;86;95;97;
524f277a-f355-4fef-b51b-10cadb3dc559;113;106;112;
8f7dd72b-ed6d-4fe4-874a-c0086718d6c1;106;112;99;
48cd5e23-0a4a-440c-896f-076d492eb8ae;97;100;117;
b7689554-cfe5-4182-abc5-d3201cb76944;52;102;99;
10113d46-682f-48ab-971a-d40b13c8de7c;97;117;131;
7bb79b4f-4a86-46d8-ae77-6aaf773f0eea;55;69;83;
f3e521d7-116b-405a-ad92-c15824820523;62;86;87;
601d2e2a-0f9f-4985-8892-b09e88ee95e7;120;83;114;
e80ce7df-3d3f-4e75-abe3-4a3a90894133;79;105;64;
9488d784-c32b-4364-8cae-97fc6ecd5f33;77;117;108;
40c317f6-5f73-47fb-a069-502fff08dfb7;91;82;91;
a8d13db8-12bd-4ba9-b98f-bc75d2c2fefb;70;106;115;
5c6f60f4-68e3-43a1-a5d6-688cc65e15bd;73;108;105;
476d9e79-2241-42d0-a1a9-b4afd8ef2369;93;102;119;
476420cc-ec6f-48f6-a67c-3a2485dba1a5;92;69;90;
aa7805c7-690f-4634-997b-4a6b354a7a69;102;77;94;
066d7ef1-01be-40e1-ac04-7532ff4d4bbb;115;102;138;
d92c83bd-f422-4c60-a330-588ef61f80c8;81;91;127;
a4e64545-d5f0-4f59-afab-773d1954bbe8;105;98;101;
91721983-ea52-4a41-ac0f-05e145abb74a;110;88;117;
a3a47ce9-3c8b-4ce2-99a2-3aeb3b9f8212;90;85;118;
84ecf3be-0e2d-4873-a371-434d9634e94d;97;99;108;
63d5ffef-6475-4038-aa5b-483df9b57673;103;101;132;
eabc82be-d1f1-4bdf-b65d-3bafd810fc24;79;85;125;
7223d3e7-1b2b-4389-99e2-a1b3016ba3cb;104;93;104;
091a79b7-8d1a-43b1-b04f-1d13ab61676a;80;65;87;
4f01339f-8333-4755-9d3a-4bb8defd63e2;83;84;87;
510064f3-4b3b-491c-b4b7-f42a14e09134;93;103;113;
80a9e2d8-d765-4562-b00b-33fbc029aa80;94;108;112;
0642f8e9-0fc8-46c4-806e-1715992dd700;103;123;83;
6edeb874-8158-4bda-aeae-a232f7cfeef1;77;103;104;
57db51da-aa7a-4a0d-914c-f1f437aec4c3;100;69;88;
7e123980-c6e2-4545-b067-112728b1bb58;96;108;101;
519bc237-449e-47f8-a6e0-67727b2a3cf9;121;124;111;
66df6513-bae4-48b7-b08c-4b170f259fd4;90;109;111;
691117d4-cac6-47b7-a252-5ef7b6ec3c31;113;111;82;
006c98bb-0265-4e2a-8ad2-f06687d97ec5;104;104;133;
e6b075cf-06df-43d4-958b-c34881b409d2;89;83;87;
c18f5dbd-8a7d-410f-980a-409558a57c3d;109;57;83;
1eaef1df-1ddd-4ef8-9041-9f2c318f529e;83;88;100;
880f30c7-2f47-4816-9c9c-0774d344ffab;127;129;111;
db0fcc75-e75b-4280-b78c-39fc76c17f52;101;118;98;
b693e696-af4d-4122-8042-ead0b5683106;88;76;90;
bd34fcde-34b8-4880-b3c6-2a2d60f99a5f;86;119;126;
6e387c56-6ffb-477f-9693-f3d99fecd881;78;75;111;
47faf14d-a6b2-4ffe-b16d-327d5b5f86ae;82;92;92;
20f8d505-086d-435b-9147-fb385815b22e;89;80;108;
7338de98-037e-44bb-9e6b-61207a80c566;85;83;91;
5050ae95-659d-48bf-932b-044e2afe774f;93;92;106;
9c6393ef-52f0-4222-852e-6f4171bca68e;118;111;107;
b828fc64-d043-411f-8d01-4f067679053d;69;80;117;
fe275634-b845-45bb-910e-fd2a60d95b80;94;66;108;
3ccebefc-3676-4c60-944d-b290b0ab48ea;105;93;112;
80246ac4-e7d6-414c-9603-1dd1cbe00945;76;77;108;
14b01b5d-6570-45cd-90ca-8cb5f7fc5a7c;61;73;112;
67a3ec8b-f94e-4f00-a7fb-3d1a802cac0a;81;104;89;
67abba2e-26ab-4836-8299-57ac3b57bcd4;82;92;68;
96c62ddd-1674-4be4-b78a-0388a07c5064;78;101;106;
53944e71-5adf-4c2c-a9da-39b3dc832d5e;105;90;101;
3f94fcee-8e52-4f7c-8da7-68f2c4174e48;109;77;90;
58c553b4-af0e-4e73-a80a-a6bb1f5819fd;75;92;73;
0a16731d-a945-4e9a-906d-097de1640175;82;98;108;
9a12b9f8-aac6-4ee2-9fba-1cbb02ec8701;103;99;105;
a9789fed-f11b-4225-b800-a401cb12929e;93;60;111;
9b61264f-6966-47ba-bd85-cc0a7bb0e6d0;82;110;128;
ba89bbe9-6c2a-4231-b714-92225decdd18;143;156;113;
4451edf8-48ca-46ad-a22c-a3ec6e0038a2;89;90;71;
2b975c99-6808-4896-9907-863226ffd7a2;100;97;83;
ddc130d2-b026-452f-8733-b4886ccc7291;102;82;86;
ac3dcf1c-bc3f-4378-9607-9a9dcc346d28;109;89;91;
512700c7-dd33-4464-851b-be5951d46931;107;152;135;
849841e4-fa0c-4fc6-ba10-aad93eb60669;71;98;112;
bff24b54-130f-4d0d-9271-8b170c9586ba;103;110;116;
a3464d0c-83cf-44d8-a24c-133884b6dfa2;86;77;110;
cf4e3990-dbef-4d31-9fba-fc1db13686e8;106;58;135;
993efce4-66cc-4a27-9366-d2f847d2016a;78;108;118;
ca2d5655-166b-47ce-a5a5-54e7ab71cc13;137;142;68;
bb889719-878c-4986-b8e5-67fc1a8dbaa1;104;79;101;
916b1d2f-0d66-4591-9121-06749430413b;132;111;109;
7c1ac818-afd2-4c34-a37e-96c7f78c7786;121;68;107;
a468fea8-b194-4182-bd0b-6b36d1f76010;65;108;116;
6a5c573b-548e-4f48-b0cf-94acd05d5e84;84;112;101;
c8bd028e-7406-4a6f-837e-45608daaff92;90;84;79;
b7b996f7-b8a1-4e50-901e-783cfbb447c4;86;84;112;
c0cd3bf7-a5b0-43b2-b64b-5ae822162ab5;124;123;117;
febba27a-d2ca-4664-9c73-ad7cefb299ad;126;63;85;
f9d620c3-36fe-45a4-8a09-21aabea58b38;75;91;112;
d038d623-97f1-448f-972c-fa9fe4e3ae70;72;67;98;
87c74758-3ec0-4337-a3ac-36e8535bcfb3;114;76;127;
6af8e8d5-1e67-48be-819f-eb3faf02f22e;43;97;118;
d26a01f1-8ee0-4268-a147-891d23c007ba;69;71;92;
9c8f68ee-1a60-4357-ab75-e03a7374092c;101;91;111;
684fab22-8d2d-411b-921c-6e05b47794e7;108;99;124;
42e3f3e1-c9ef-42d7-806e-a5155a649b42;63;97;132;
311c2f63-70ec-4c85-a553-66e920400b02;98;77;66;
712490e2-7b37-4245-adde-e3e4e6209867;96;88;125;
a7838bc8-10bd-4d48-ac60-b7a98d37eab0;79;114;103;
fc5e6d86-1b04-46ff-b2d2-9df3dca91d6b;88;116;117;
76c07e2f-d82e-4879-9523-6ebeac91490d;116;93;119;
54cd5948-c549-4fe1-9fdf-9d0b9d3648d4;86;127;115;
c90a0c17-bce2-4502-b6e1-803160543c8d;107;108;147;
5661f2b8-e53e-41b1-b0bf-15d0cc8c7ada;76;91;115;
470ac3bd-84ad-48cf-91e6-a5965479cf2a;102;129;74;
c56bcf70-c6be-426f-b973-2ccc70392245;53;98;111;
4a7c4889-166b-46d5-9f37-042ecbb4c6cc;94;100;103;
9a458c0d-4649-44cb-8777-ca7090c322cb;89;85;105;
7cc92d50-ce87-4555-ad9f-87a1e64b5bd0;90;114;117;
7d3f0bc7-45bc-42c6-a6ab-f08add5687fd;104;106;104;
fc6d9bce-7aef-4a6a-9938-20c640296217;88;98;111;
3fc45a79-9d94-41a5-9b77-c22d5bf96b5c;65;94;112;
2d2e632b-87bc-4fdf-8c1e-c72402fd9872;82;99;109;
e41118b5-044a-416b-99af-c3b84dbffbb3;118;122;54;
0ba9b9e6-b675-4ec2-803c-23db418cc8d5;92;102;128;
475191ee-1cec-4e05-bfa2-5ae5faaa0399;79;108;87;
f98e495a-6a6a-42bb-9e74-b833920661ac;109;106;109;
287776f7-5bdb-43b1-a9dc-9884d7bf6c32;108;107;123;
93283c20-4569-4537-8dc5-cf74ba393d59;77;76;102;
a938ca72-6685-4179-974a-3428818d1c48;97;84;93;
0b774d3f-ffc2-4734-abc3-cf5b5fe41ca5;118;89;108;
57726098-95ca-4e4d-a68e-2483815e42c7;125;103;113;
4012131a-5c64-4d67-9a71-d11543a71592;106;66;80;
3f43ad81-199d-4a82-94b2-2a93993d8a68;86;91;60;
0ec21e88-e5b6-451e-9f69-e0171abea568;99;91;109;
004768e8-66b1-452a-9d6d-3368a7f49339;94;70;109;
96dcd672-122a-4534-8c53-33dc1914657a;79;102;105;
4bd048e9-57ad-4d04-9651-687a665b29d1;102;74;108;
e550f249-06e1-4e64-83b2-6dada3aa151d;111;112;110;
8e8e09cd-8bd1-4c2f-a131-dd328fd8507d;90;103;94;
d9659342-6abd-407d-b33b-47880b52598e;79;81;118;
30077029-675f-48c1-a09a-8c961bd46cc7;91;118;116;
aaad7f5f-4cb6-4ea5-b227-ba24a03cac31;107;101;123;
1a61cc65-8851-40c5-aa2e-83c76e0c91d8;114;114;76;
194bcdf1-f87d-4a2d-aaf9-6ae86256727e;113;124;103;
39e69f32-db7f-4a61-b6de-4344e1f4cc17;89;88;70;
aea78e79-b9cc-4f8b-8467-7898e94a3ad9;102;87;102;
7118b7d0-b227-44bb-8822-01cc3baf899c;54;76;86;
cecfd5b8-5768-4d72-ac83-0fd952dc2160;79;123;91;
71020fa9-41e8-449e-9833-095d8140a174;96;90;98;
ea8d51bd-4ef0-41d2-8c95-004615ee518c;82;107;120;
408f345a-5a63-4dbe-8ea8-2f9e57e4ee8d;120;72;114;
61615f3d-1a93-46f8-911c-82a722923fbc;75;90;91;
17733236-3656-4aa1-b17f-68ef8ea21ae7;97;88;112;
994455ca-22ba-4fcd-8de9-8296b6c58dbb;81;123;79;
d50c9123-5cf3-458c-9970-8e04388a0b11;94;99;125;
fed2ba2d-dd9e-4140-8495-f96fcea2ba24;106;98;123;
da14804e-c5af-4b3a-a82e-c3b68876809f;60;81;97;
1010fb88-b686-4bdc-8fcf-2f8032b0b6d3;100;66;107;
eff40920-dc93-4e8d-9d39-73768ff6e111;92;89;122;
4e181fdf-3521-4051-8da3-a3d62f28e28f;90;60;92;
d80678b5-07fa-4760-92eb-d21c032560d8;102;99;100;
0cccedb5-d01f-4f92-a81e-53cd2e85e43b;90;84;70;
bd2e7799-bb97-464b-ab60-263ba1ed2e3c;119;117;117;
649768aa-cf63-4807-a833-79e69ce57c01;63;126;84;
ef8ba067-d929-458f-9a06-325de4158e28;85;99;91;
680c01ce-e062-4055-9de5-93bb6f1bcc47;77;108;122;
4c8a00fb-b9b6-4085-bce1-7c6a2b903043;89;75;85;
b80d5175-8595-4a32-948c-66177d13729f;88;72;90;
244cc09a-b0d2-4edc-beec-a21701b937fa;97;102;158;
5bf5cb32-8edc-481a-8204-a60a32bf4cd5;86;126;132;
27e4fdae-9f51-466e-927c-5bc0388bf8ab;92;109;143;
f741ed29-75b3-4f36-b271-d30154366f49;139;74;65;
107417c2-0e6c-450f-9fd3-bf7401902898;82;65;88;
31cbf71e-c37a-439f-9122-a1008c4d2d39;98;119;106;
45e51b47-5268-41ce-ba1a-1193cc696afb;102;73;102;
0704cebe-f74d-4a5b-89e5-2038cfa2d0cd;59;88;99;
ae740e2a-d1e4-46c6-a141-551ab2ff5ad3;70;92;68;
e6e0d0da-7a28-4328-8488-6cf0275c82d2;77;109;121;
aee3e73d-a7b2-4ff2-8b49-ee16e47b6242;91;94;80;
57191096-4d8b-4dea-bd47-6d45997eda5f;104;91;93;
d6aec06c-57c1-4a9d-8b40-543040d89a91;87;101;113;
3bcfcfda-cf4c-4a56-9197-1ab43cfd09af;128;76;113;
adc8f435-644b-42c1-8bf8-231f993c9255;124;109;111;
46c4e82c-0600-4aac-9c07-520349a843f1;106;102;106;
f0265134-4d0e-421c-88fc-6841ce6e30b8;113;114;119;
a40a02e1-00c0-44db-9865-f1f0d03eceea;102;93;98;
e5644354-7264-4607-b1c0-f0f978875cd2;127;84;112;
c0c4acb6-525b-4c13-bd0b-3b098a6acf43;83;92;94;
dcff7892-d58e-4dfc-852c-dcdd9aea854d;108;109;120;
c55db4b4-d280-46a0-b659-c104df74ae5b;58;124;98;
31ca4d4d-e0e6-4333-b1f0-797ff357ba83;95;79;90;
0bf789f0-cbae-47c0-b884-972c32a6f2eb;130;96;131;
d7bc973d-84dc-4ff5-b6ad-8115fea09d25;122;100;95;
5702b5eb-9316-4960-ac2d-8ad4c17c815e;96;89;96;
369b8d0f-0607-4f86-aaa4-1e4b593ab757;59;87;108;
85f557fe-3942-4c2f-8ab7-5edc8e058a77;124;88;89;
c90503af-821a-46f4-84cc-b4156d868757;93;71;77;
4bf89795-d188-4e0a-af34-48a7c469f57a;100;93;98;
e2bafb42-9dba-4872-a717-77d93aa3c321;87;98;108;
f49a4f9b-1153-4a80-a0fa-71012b9d25f8;111;102;103;
fd68ee57-1288-4413-b4a5-9ec9ce6a6b0b;115;102;56;
5937bcd6-d5eb-46f0-9116-b074a09ffdeb;125;103;119;
cfc77004-4a29-4177-ac96-7c25fa29e67b;95;115;73;
d6e700ce-97c7-4fb6-99b1-82a95a5b726a;85;79;116;
bcda6ad6-1566-4579-8b21-7a1f4d007ca1;60;96;76;
ac16785a-a475-452d-a9a5-18415f1f0ef2;72;83;86;
0ab1e976-f167-4c6d-98cb-0b9f3c4153bf;97;99;117;
0feaf65f-2bad-455f-a889-d1dd1295809a;72;113;119;
2ebc2e01-a2e2-4b54-bae2-f425e2b7d0b4;68;123;125;
97c3383e-1783-4acf-9a7f-7350382bfc56;89;108;115;
98cdb3c3-1dda-4d97-9e25-a27bc032f8db;98;105;100;
1dae2a5d-3a8b-437e-9f32-a68a5fc4575f;104;79;112;
6f14c360-f0b3-43a3-ba45-57c1553ebe0c;99;122;116;
8499cb2a-b158-45c3-b259-3dc26a73e2c5;80;79;125;
8f8c45a7-9ab7-437c-8d29-bcdb870457e1;76;79;88;
ac747294-f160-4cd2-a7fd-00ec2e6f6f80;103;100;129;
a5b050bb-ce5a-40b8-9909-13aa7bbafbc0;70;50;95;
fb7709b1-c13b-44dc-90de-d388a9c0dc85;93;79;90;
8190eaba-233b-4498-a7e9-6a8917f87fa0;103;83;89;
f5ba5caf-9a8a-425d-bb65-e275352ca150;102;81;98;
eed5327f-dbe1-42d1-b371-cef7ba586f6e;89;59;113;
e0480617-1682-4007-bb78-3f5cf019f5b9;105;110;133;
fc66840e-f37b-4e2f-adcc-644be23283f1;107;100;109;
d2438e6c-59ec-477c-a4ea-c360dfbe60c3;89;104;126;
894e8ed4-1170-4d8c-a6b6-7ced1ebedb28;101;84;126;
8baccd54-5c89-4177-b2d3-e2045c633a2b;77;114;109;
874f05c4-624d-4308-acb2-0d258d293fc3;108;86;124;
16fa69cd-fec7-4894-aee0-0ead749553f3;95;109;86;
5398915c-29ca-419a-84c7-578b609c2d3e;90;113;118;
1cd2749e-6131-4eee-8bb5-9fc434f1103b;93;104;122;
ba9e914f-f7ae-41e5-9ee6-5a8a6f73686c;96;100;94;
7c18bb44-b5cf-4c60-a06a-81cbc9a832ac;63;109;87;
9eebadd8-b12d-4b16-bcb1-78a9c88f06e8;95;121;96;
2cdb95e9-15de-4837-986b-0da85ab248ea;89;114;112;
c36f530f-f9a3-4e08-8a68-9dd55b43f746;117;116;87;
4df5165f-eb38-4ab9-9b5f-247367eb3126;119;106;99;
63e89c4c-be40-4566-b030-091c2b9dac5d;111;74;87;
3d4c6c38-d073-4d69-8a14-08a4f078ed24;102;79;87;
8e360941-c180-4b74-b260-e65c7c711616;84;102;133;
d1df34d2-910d-49de-81f9-8195a0439756;92;68;115;
e9ea0def-c587-466b-802b-ded6b041cd6e;103;110;124;
f5c83ecc-d4cb-4b49-9201-2c854cc60d1f;63;111;90;
1ef29a98-ccd1-4662-9ac1-fcbb41260346;56;79;82;
2ab6e008-b53f-4005-baba-e497c52302e1;102;66;89;
d454bc86-b858-4d9b-b7b2-41bd6c9cfb03;68;109;119;
7616a114-539f-4680-865b-46e059f375f8;125;95;93;
301f2604-0e13-4f25-99d8-c30213d8550e;88;112;119;96;
5baf8ad2-50f1-4f67-8c32-53c0e3b0c517;99;85;127;100;
1236a36c-905c-4970-b41d-0ac11b77e882;90;134;111;118;
263d087d-68d0-47a1-98e7-c558a39dbf87;94;115;120;146;
f47b31b2-e2b4-4458-887f-253e62a9a6d1;99;88;115;114;
abf147aa-f525-4c48-9cfe-c078df26b30f;79;62;88;105;
3ee93d01-ed4b-40f4-a352-e85c29abbadf;71;84;68;85;
bf02f56e-4a01-4bf5-b7ea-3ca84fc1138b;101;64;90;105;
3d0f94b2-6a86-4a8c-9055-20aef256ee4b;122;59;92;55;
7b93d36a-8592-43ed-83b2-75821583dd48;96;97;106;105;
cc1c5cb2-7927-4bb6-8964-ebd8ebb910b3;115;89;123;100;
85917797-03f7-417d-9677-5a1fb9d36548;23;67;110;81;
6592adf2-46b3-4348-8434-447ad303ba20;54;98;72;121;
ab81e947-9c14-426e-89c1-568b7ba905d7;99;118;104;62;
18a3c97e-a2fa-4511-b791-2d594a9a3729;113;73;90;110;
c0272275-53ca-4d31-b22b-98e79d903b6a;88;95;106;94;
967bb9c2-c529-4ba7-ae5e-8532a0851f8d;52;64;105;114;
7f35a0fe-e5fa-4c72-a8d4-455fc42b5862;91;108;82;108;
c404eb5e-03b2-46f0-a179-a5e430849cee;96;81;92;95;
0841596f-2e89-4cf3-be00-2a14076b4515;82;95;64;102;
05bda3e2-d134-4349-a5d1-97cac846c39a;88;92;88;95;
cac4c97c-3c98-47a1-aa17-9972d4c0ae4a;105;73;93;77;
1f55d2e7-360b-4cc5-bbb9-79009285a0f5;101;88;77;113;
a3b3ac67-8f30-4562-ab2c-0a4b0f2daed5;77;93;105;103;
f481fed8-baa2-4471-b005-bf0392c769eb;59;72;107;80;
07adce9a-86b4-4949-a8a0-c268f24d4dca;98;115;102;112;
067f1f0a-9fb4-4fac-bcf8-d2411aba4d16;82;108;113;84;
6d8b20b9-717a-470c-afb5-c9f2ccbf4b84;115;94;101;99;
fc30e303-043c-4683-82f9-5f94b6b16e93;96;58;108;97;
00a3302b-216c-4437-bef2-dd54264f9dd6;117;102;96;105;
ba52f516-2fc3-49f7-aa0d-a72a514c8016;85;91;79;83;
d8576cb3-bffa-4b07-b916-3d6914f52c25;95;79;95;113;
ac41d247-5dee-4a18-bbcf-99cc669c88ba;92;35;64;123;
f805bc5b-d875-41e8-a5ed-faf566a81f82;69;79;90;91;
f19575ed-80eb-499d-9983-66fb25d78ae4;64;87;104;104;
fc4ebc51-ebf1-4309-8a51-b5d0f0643886;100;142;121;93;
49fac13b-8e0b-4536-8566-54d855e580f0;106;96;74;115;
9244e21b-a6ea-415c-935d-cea3cf514fd2;96;106;81;68;
9708f009-8449-4f42-9f78-a32f72f8634e;98;88;105;94;
e9024cb1-6d0b-4192-9f83-195c3168f098;89;91;124;105;
45e29981-4ab7-4da4-87bc-9dbd2729efa7;146;80;104;114;
98d60e8d-6588-48a7-9b8b-d5f15c96839b;84;86;100;120;
8c4b5127-f9d1-4e15-809f-d32047cb1f45;92;123;87;107;
1f28de68-8ac1-458d-af4e-a00c970337ea;60;133;117;111;
f05e89d5-fb3a-4d96-b67e-db981bb4134a;75;143;85;101;
b3466bc9-ae59-44ed-b849-fa004c60ef95;109;65;95;104;
63ea85cd-ca98-4814-a88c-3a4343039116;84;112;92;101;
ee396880-a777-4abd-9cfa-5586ad9e6897;78;68;82;118;
266e7399-3640-4c87-b5f8-f8b3ac35f667;95;124;101;105;
4457474e-5878-4e97-b9e1-9675674333d4;57;104;81;117;
ce6fcaab-c8c1-46bc-81f1-44f8f35f11b1;102;118;99;112;
a1fd3ccf-984d-4170-912a-621c1ab23fd8;79;99;101;113;
3b8fa631-930d-43f0-90ee-756f68f77f07;94;134;62;122;
125ffdf7-64d1-40c7-88cf-544e88eb7b9a;78;73;103;142;
887a2e9c-8135-4143-88fe-48b60a973680;69;108;101;109;
c40217d4-1374-467d-b697-421c2277c5ea;81;93;90;85;
6ba9ff15-c088-4e07-b383-1353df20849c;155;136;115;121;
ed42edf1-9446-4b17-b497-f5912a81d7a9;94;65;102;95;
ae8432e0-642d-4b97-b40d-f25a56d56b55;87;74;75;113;
9b7cc045-8143-436e-b082-88c6aa9e3394;61;121;99;111;
ad7561d2-2376-4f77-9c7b-caec67da29ee;127;109;103;137;
d2b1e1c2-de00-426a-9751-31587c2f9bb0;109;108;48;84;
157dae5f-a604-497e-8abe-899dfd7b1190;64;101;101;111;
a8c491b3-4195-4365-981a-1a07f9486bd6;123;108;139;120;
28a25e72-331f-458c-9c56-11e984e1021f;105;94;64;108;
a7e33ab7-14a4-4bdf-aedb-a7f3c7493fe5;75;107;63;78;
2f8f6895-0aa2-4b23-8c65-ac7d93f9ffa6;99;77;86;66;
a1b56b79-8d90-46bf-810c-54a44e51dcfb;100;110;89;94;
766efd97-8249-49fb-9619-6e55e45d9c24;69;84;60;76;
410c5c1a-e446-4bbe-9c83-2f1fae56d6e0;123;96;100;77;
d3f20ddf-8da6-4afa-abf0-ea51d41c8af1;94;53;81;92;
257dd4cd-fbf0-4d26-a5a0-7b230ac062a8;90;105;82;79;
8afe70cc-a9ce-451c-954d-8292032164a5;126;70;90;106;
3b2441a0-5825-4cd7-bbf0-22b4777bbfc9;77;54;103;92;
cda838c3-1e50-44a6-8cde-c276d4006aec;127;106;102;87;
12f981b3-0f71-43ae-a699-a13ddf54eb71;88;117;93;72;
ab4b3315-a7c7-4004-a122-a55200dff7f8;98;91;92;81;
00b9c470-7a20-422b-b055-a6d3c8381a9b;89;132;90;109;
f114e67d-5266-4381-b023-e35de3558717;83;78;76;94;
e92e2b8d-a441-4426-86eb-24e875ea90f7;111;87;107;101;
b6fbf42d-6826-4d17-b860-1fbcbcc72dd8;105;73;93;88;
5d704be1-e186-4acc-b181-7c89030d7c6e;102;50;75;88;
8459a5f1-e11f-49ba-a11d-a723bd7c7247;77;110;66;103;
fcdc5d6c-739c-450f-b64d-917e2512fcec;108;120;112;104;
3a9821f9-1f3e-4589-9f0c-84baf4a46d5f;67;68;146;125;
6b68e2cd-21c6-4390-9068-1a85dfae00f8;73;126;83;124;
7a5d3ae9-7444-4a0c-a61d-444ee8b62d1f;110;98;90;105;
9b2fac45-4db5-45d3-b986-98fad18b271e;97;105;77;71;
7ebf4f18-5df6-47bd-9e05-0e136f8c107e;119;69;107;70;
ad4b6ac8-66e4-4423-88db-007bf6e54186;79;72;104;136;
e4cdbae5-6222-4f3e-82d5-8f3d5d2bfc5b;107;106;103;108;
a66ccfe5-f3cb-4482-bdf7-9d6c66f8d29d;86;100;80;109;
e194e0cd-e22e-416d-a39b-da4bf318e87e;87;74;73;82;
ed5833bf-1065-4b13-bb39-97f1c14bbdef;76;84;103;129;
5b2c67cc-55b7-4ce3-9fc4-ad69a99b45e8;66;96;30;125;
9bd0e821-8915-4eb9-a433-a29242e5c69d;120;65;100;106;
c9cfa28c-32bd-4b9e-a553-abf6531e28a8;105;91;71;111;
a73a9e2b-a0fc-4b39-9d56-6cf08eac35d4;98;72;64;89;
8f3409ba-81ee-4b3b-96a7-63de040b7be3;99;78;97;112;
2c5b88a5-113b-44a4-85bd-980fcc200d2c;110;96;86;116;
fc6f745d-a075-4273-a6ac-11dc38a81780;101;128;79;77;
7b40a602-b863-4dd8-9294-afcc872302c9;105;130;90;113;
05eebf7d-4435-4cc5-88bf-b7e54d8459f4;86;109;71;114;
85f529e2-c21d-4b84-899a-d7c1d72f9b80;129;94;92;82;
4fd600e1-a958-4dc8-82e8-1c9388e44a3f;102;99;108;86;
9c3b125c-ef82-4b94-8d44-fc0d9127070e;64;57;55;95;
d09dc30a-5448-4b26-b441-4c3ac0c6412e;76;95;104;93;
0b76ebb2-db10-4caa-8127-73a7496e0308;107;103;123;84;
aaa65691-25fd-46fd-9cec-542759d6e8dd;96;110;99;71;
6a3dba28-72a8-4205-b1ed-7c480413e627;77;87;112;116;
808dc6b7-3042-4c65-aa55-50e4ff6cb8d6;90;118;70;77;
8bb264e2-f601-4436-9191-2b201e6bdff4;96;80;62;112;
09df0e30-8eb0-438b-9e9d-1660cc4a6891;74;90;103;104;
f2cfe8b0-f43d-423e-a5ab-4cad1ee6acba;110;67;53;111;
227d61cb-7697-4b08-b508-1cb65d72c136;103;126;80;82;
8dea66ec-5734-4e6d-b485-a784b0b27edc;83;70;52;85;
200c8437-1ba8-4d73-b8fb-1eb1338076c9;91;124;154;69;
dfdbec1d-d91b-44ee-bdcf-8ac3034a6dfc;125;115;130;114;
074f1428-bc57-49ab-aafb-113f3f57a372;78;96;126;103;
f41e67d4-1598-4316-938e-5cb60104bc86;76;106;107;79;
c5875303-570e-4ab3-86a5-9531351f4518;90;71;92;120;
9b21ac5b-32ce-4726-9a8e-2060683180e5;87;92;74;113;
9a64fafd-08e1-49f5-8ba8-555a4b6d3d16;106;105;115;88;
f3e1189c-5d75-429f-ab29-f22ca77dae60;90;108;70;87;
e6d3da60-b909-4a5b-a591-61c24a0a8fd3;71;59;67;108;
38f1476e-0ce3-4610-97c9-f82c723eb8bf;96;110;99;118;
136fe99e-f77a-4a31-938d-8258bd5601a4;110;81;61;69;
58083aef-0d12-42b9-9b8d-da38619bbde5;84;88;144;95;
93e2068e-0dbf-424d-bb68-578dddd93e24;88;74;90;125;
e8816706-6022-4906-ba21-b300d69c4f0b;88;80;81;114;
928ec153-396a-405a-b6a6-3043bbcded72;76;89;69;109;
36061328-f021-4af5-a4ae-999bed74e761;118;105;90;120;
1537b585-9d62-45b3-8ace-3650e4131470;121;81;74;110;
c7461a45-feda-4050-8dfe-939ed1dad4b0;98;94;120;83;
08e40ba2-cdbf-431d-8010-8a6ba30c546e;55;91;91;109;
5730b8a6-4aa3-4606-92a1-cecb101dcd8e;125;93;115;98;
639aa86a-b28c-4638-8cd0-78913b5500fb;70;83;72;107;
1d5ac9af-9351-40e7-8cea-ac12fde55bb6;96;83;54;106;
72b444d6-c969-4e2c-9241-d9d0195cae49;92;91;107;79;
8166edd1-fab4-4da6-8223-9ca423df6d1a;86;85;114;100;
52d723fa-39f1-456c-bcac-d060b3c859f6;91;93;95;69;
a119d448-48c0-41fb-ac2d-8c22b68d1aed;118;44;100;104;
c60a404e-b5ff-4bb7-8f37-6396704daf27;121;110;96;136;
92b23fbf-73db-41ae-8ed1-7121de3b03e4;56;114;138;118;
08bf7dd4-fe9f-48c8-a885-104c0d959d81;92;112;86;92;
f47df96c-4840-4d25-84a1-f0a6bbb0f08c;123;80;112;106;
a047324c-5c17-4194-90e6-d510c5ec5e2e;78;63;125;108;
3d2715c0-d3f0-4e9a-9063-a92f8f62f7a7;71;96;117;94;
8124a409-012a-4f1b-be03-63c99675bd4b;103;100;116;109;
bb378ca7-2417-435d-b746-84e2f82e25fc;83;54;89;66;
9fa631ff-fb73-4d55-b2c5-5daf1705d148;74;112;104;105;
a96a452f-95fd-431f-ab5c-a1ef640698bb;72;101;57;103;
d293d213-9580-4dd3-91d0-00a074cb1a01;89;117;101;102;
4fe3090c-29f9-4b6f-bedc-4ca957cc81a8;85;101;106;99;
39c7f6bd-1776-4f60-8b0d-fb1ff6984bc9;76;66;80;122;
8ae962cc-48c8-4598-95d2-6517a0265980;59;80;64;53;
a234ab82-c58d-40c4-bb94-56205eecb361;89;97;77;97;
edc80604-4007-4e7d-9888-21b99cdab5c0;115;98;71;105;
6fb3042e-e7db-440e-820f-82c540c826f8;73;86;69;114;
fd4ba983-0c1a-47a7-a17b-9bf0f086c96c;105;91;75;101;
3bde4fc5-c069-4545-b1dd-31e1e5413135;89;95;93;91;
a29daf9e-af77-4273-8c36-3327f45bf89c;87;70;76;114;
d3265823-55db-4403-8ffc-787c5a9b432b;91;102;100;139;
3d60fe22-4592-4f96-878d-290670b14252;67;74;83;125;
12ac03e9-8dda-4ab0-8895-043b7344a049;77;94;100;118;
db43d58a-a8fa-4f78-8001-abc17686a969;73;82;122;75;
ef3e678c-c993-41a9-a70c-2b78262b7a46;101;103;66;113;
8218b8c3-6906-4a8b-9a43-d4a7ee76a5bf;102;126;90;118;
185a780e-5402-45a3-83f1-cf56bac2ecf8;115;92;89;98;
8f791ba9-f27c-4033-884a-aa948d3d0545;102;116;58;98;
b614757c-ea41-4007-883e-c92bd619edb1;80;73;104;112;
78eb5d4b-5998-45dc-92a2-3df63f917388;84;102;81;111;
ca33d48b-bc01-46d4-a292-b782a62b9694;100;105;113;140;
b0179fd1-c6f7-4e25-a0c6-08c26b0ea7d1;89;81;107;89;
765755bf-cbbb-4699-8f54-f0a8f24639d8;85;100;77;56;
b6419cae-b8f6-4f70-97de-df92653fa3b8;61;95;75;82;
0fb1fc82-7066-4c73-bef9-39651bdff622;81;65;74;88;
759f189a-a1b1-46cc-98c0-18663fe4535a;100;116;81;107;
c2932ad5-7fdf-4737-99d6-66372f00967c;114;69;90;113;
fe019395-8280-4bdb-ad12-401f125e0a14;97;121;92;157;
8272079a-1d75-4f38-95c8-13e235e9f43e;56;59;79;81;
083405e5-bc23-4331-8c04-c30c6f8acf34;74;79;80;82;
2f827469-4bb5-4295-af00-5b046595a59f;95;83;87;95;
f9418286-da8e-428d-901a-744153ee27cb;133;114;85;138;
71ace7b8-bd95-44ae-a694-964b9b4b936c;93;94;108;88;
248584a0-d8ec-4a9d-b554-98ca411ffb24;95;108;130;122;
9df5383d-48e8-4666-add0-94a5330bcc6f;91;135;128;73;
bdab5a73-174d-48d8-9cff-ae19b80ae9df;95;62;65;100;
02a282ee-0004-40f4-9b50-51b3fc53a64a;85;79;104;105;
d3f9f93b-0041-4ca0-8bb9-ba36a38d1407;107;91;100;100;
051298ad-9378-4e6b-b3b1-23647d32e380;73;89;97;100;
c0e0b0db-54de-4ced-913f-d8200f09cfc0;61;71;83;110;
618b79bb-415e-492c-b840-e330e0edfc88;106;75;73;73;
00e7ed23-b7a0-4eca-9be1-a021728e85bd;96;113;113;99;
5668a8ea-92e2-4da9-821c-41b07822e0ae;95;107;116;81;
b920c04f-8b6e-4c60-b2b1-7044c1c10d5a;139;100;87;127;
68fd9b16-686a-410c-8197-d922e4cc90c2;89;120;104;105;
11baafa4-d8c7-4e30-975d-08109c82c442;83;108;128;111;
1c047c29-40a1-42e5-a836-78b9a0db0667;97;82;96;135;
6936dec2-fb62-4199-8578-25ebee6809f4;91;105;97;115;
9347643f-afa9-460d-a8d3-026b1e29f779;105;101;89;108;
4f112cc5-19d4-4493-992b-c074824370fb;87;101;98;105;
2c01d94a-4d16-4e4f-9e45-863ad115d690;117;103;100;126;
fecba0f6-f0e3-4100-ac3b-e601c3d75998;120;60;106;110;
cd2ab756-ad6b-44f0-a255-604dbd03283a;99;89;85;107;
e5dbb7d2-694d-4499-9f64-1005383254af;82;97;115;112;
5a1379f4-4af4-43dc-ab42-27d31122aa73;92;152;110;89;
41e2e4f6-7066-4325-bec2-e61ec78e7b03;88;99;66;95;
b53b6874-b750-4f7e-95d5-030992ada506;56;39;53;97;
37bf3447-86e3-4269-a4a3-51db620a58cc;99;73;107;104;
383717d2-2bc4-4894-8a56-21e6816c0358;115;104;71;82;
50f62781-1a53-4a63-8588-b700e16cafd3;108;105;112;109;
72094b34-b468-48ec-b2ee-1f508671e358;98;98;72;99;
c80968ce-aeaa-463a-ae6d-67723f37b7da;114;95;71;107;
211d8a06-439e-405d-9e13-440abd271aa1;91;92;112;109;
96d92039-b9c4-4b22-a76c-b641b4f75c0d;83;59;45;89;
af82d359-5fe4-4c2f-b37f-782c36a06751;108;104;97;83;
a2e5f53f-0beb-4cc6-904a-04950df08840;59;149;116;97;
120612b8-47f5-44ae-94c5-a69d7325bc28;89;97;107;81;
28f79372-aeaa-4133-bc84-8cbf98db6dec;81;76;89;113;
f3bf06d0-92ae-4b06-a421-3b517ba55564;119;76;56;109;
a89a77c7-5b3b-41c1-b1c4-6fd203ce6835;75;102;88;117;
fc3b2f46-ed4b-42c7-b8b6-439f9bd15cad;98;89;116;114;
fe4b8a35-2269-44b6-97c1-d14e02fa19bf;73;94;75;115;
66639f6c-6b36-4b18-839a-0e576cf29619;102;104;116;118;
1e580848-67ff-4f9a-9446-e15793b5492d;91;89;95;93;
da37260b-1235-44be-81a2-e2d60c3fab57;113;99;73;117;
80bf162e-1ec4-4e84-ac1e-4e7f3a85073a;106;96;103;67;
b0125dad-5361-4547-a23a-db345699fc52;103;69;80;113;
5708b28f-7175-416d-9b0d-52e20ca35c50;123;163;75;106;
2426c8e9-bc1a-43e1-9a63-690b206d76f3;45;102;119;112;
408076b7-8659-4ae0-bd90-3592ea0b8d33;116;73;106;110;
1e7f3bda-6e1a-494b-8510-f313c317a0c4;73;97;117;116;
e8044dfc-a014-41a0-84c7-1aa501e125f7;100;132;100;119;
60813238-b7bb-48cb-910c-858765a9c49d;105;116;126;122;
1ac5416a-7e11-4330-8ae4-0c95ad074f14;101;59;94;78;
31e601c6-e65f-4114-b60f-2ef3ef6bdf55;93;89;100;112;
fc543407-8d15-4726-b9fe-a6b75828b495;79;56;74;82;
0ffb252a-0c16-4aca-8add-0ee0e3d3e4b0;112;104;111;120;
b4378431-35e8-4e34-a434-d66be9617cd2;67;63;110;105;
f0e5a8ec-9d78-455e-be03-cc6bd64e2eb4;97;101;115;100;
044e03ac-bd4b-4097-bb0a-2ae2277c0a08;94;87;112;94;
6548ee88-764d-4c1a-b1bb-9d65e9a7cc15;62;74;70;102;
4b86e870-fad0-4bb0-a664-ba9048097fe3;88;136;90;95;
b2523ce7-c254-4254-8a66-1860a052a981;87;103;86;101;
c7aeacc3-dedd-4f7c-9ff3-ec3621d9f17a;74;86;90;117;
d9f1b0c9-3e20-4ad3-83b5-0e887adf0cba;111;79;79;103;
2ed3c25f-8af0-4a48-8ff8-43fb3e1b4908;55;69;92;115;
cd0193ef-05bb-4efb-ab13-31c2a17f588b;105;81;96;112;
9312d297-ec0d-457e-9ebe-f1a264e5c30e;110;106;119;120;
be370407-8824-438f-bdf3-875277f63f4c;82;85;109;122;115;
1a212269-0f77-4af2-ba47-ab1d31ac5196;82;75;113;85;112;
1e923943-97d6-40ee-97b8-5e512a39e79e;68;100;70;72;92;
3baf55fd-0395-45d7-bb9e-5eb77da3ed34;93;92;85;93;64;
6b60e0a5-62ef-452c-8280-172a61c9bba9;112;85;84;75;86;
d05abd98-57d2-4820-a059-5c363cf11b1d;133;80;68;62;116;
55ca8384-5f4f-4480-881d-e6d52c32a44c;112;116;76;94;107;
d179bf55-718b-4af3-90d1-2c776f70d1df;58;96;61;99;39;
bd41e578-3cc8-48b3-ba88-992a9843df06;77;99;71;93;124;
93ad4335-41fb-4f41-8cd4-f098deec3f91;95;58;59;103;49;
4657dc3f-e199-474c-8fc6-87ec41de23a1;66;50;81;111;124;
10d6c623-128a-4274-966c-260113e5d22f;75;103;134;112;66;
b3e2c8d2-3cff-49a9-b409-4a91be7ac04f;78;71;138;66;72;
31bf64f7-e673-4f6c-a2b1-5c063ab7390d;108;96;117;104;95;
1772064f-3e7a-4121-862c-3dba923435f5;26;88;100;79;129;
d6ac910a-15d1-4ed8-883b-de854a337091;78;118;85;58;99;
724afcf7-10f4-4610-b8e9-fc3cc0148441;65;61;81;96;85;
bc61b702-6421-4d1a-963a-e0ed2680f6ff;94;71;78;142;89;
9935db7f-dc85-4d45-9d3a-27498e130055;65;44;92;63;90;
987f8c05-80ab-434e-9a70-712836e5c32f;68;70;69;115;99;
aaee3bc6-e5e8-4893-9a58-675708a0569d;125;96;93;92;87;
d8c5ef88-e0ad-42dd-8049-1b4645af1933;70;59;121;94;84;
17246813-ad50-49cb-8df1-dbbeb7470494;106;84;82;81;97;
ae9a0b75-1086-4638-9bc7-5621de568492;83;70;89;117;102;
b444c05f-be49-4b9f-bd86-1d5602468571;70;99;74;97;89;
502cbb7b-c5c7-4bf9-aa1e-746844ec64fa;94;83;106;86;92;
6d085838-3ee3-435b-8795-2cbb75b1252f;24;70;77;69;84;
29affd89-4477-4ae6-8b22-f86eec8d8f80;77;56;78;103;71;
38f1683a-0517-412f-b735-7ab681b2ae4a;107;77;70;68;64;
6c5060f0-f02e-4a09-be08-9b94b0579410;91;92;91;69;123;
ec5705ae-dd34-4483-8cea-8093349302b3;123;112;63;108;65;
f8991fab-4047-4cb3-ac7d-997f5f9d2b25;107;109;85;90;111;
256060f4-3df8-44b2-abcc-e9e658f0f91e;82;75;86;79;110;
cde896ed-4733-450d-a6af-b47bcc49b4f7;88;72;47;56;94;
859fa3fa-4f0b-4956-9f4e-70f456609e51;83;88;108;72;66;
76ed6447-e0f7-42b5-bc74-1f41b592f23a;125;73;113;77;114;
5b0870fb-17ee-4e8e-9a25-cefd0325505b;60;68;99;71;108;
b60933b2-607e-44f5-bf6c-a32c2ccf9f17;57;109;78;62;81;
d21a4824-d72f-495a-b5c5-bd9cb9636ed5;90;77;79;110;89;
805a9784-8cba-4256-b63e-1c987477320e;55;95;59;27;43;
1cce0722-cff7-4be9-8d29-dabb6a05e71b;97;82;77;60;96;
89571dcc-0cf6-4fe9-9782-a872bd112e1e;109;97;114;113;90;
3be61c1f-3386-44ba-a437-9b66808a8d34;75;84;97;74;106;
e59a7214-697d-478b-95d5-eddeb3dee499;50;68;74;105;99;
45f1e541-26a4-4667-866c-7814f340cf55;91;91;104;93;54;
bfe9eeeb-6617-4f40-b37f-758503da6751;72;105;51;110;102;
38d26fe6-741a-4977-a826-c4e8e8f82a67;84;84;87;74;100;
cc06b831-f773-4585-9930-32ddfbf94607;95;132;72;92;98;
7f6ee2f1-8888-4977-b234-ca511530cd62;115;89;92;90;111;
90b66138-a895-4574-9573-bbaecc61dafe;64;80;48;83;120;
efcd91b9-f078-4975-83d2-0dd23ee478b6;49;138;72;68;84;
677a3484-fb25-475c-b863-dc97d158e5ba;95;81;46;66;75;
32a88a1c-012d-47de-9a48-a52459acb327;102;83;105;83;78;
f9e69cae-4001-4fe6-88a7-f129e7f92882;95;91;73;118;70;
ada505e6-4293-4287-b1f2-7d496525f34e;87;88;49;99;85;
0f14e7bd-0449-488a-ad1a-6b0dc82f2704;72;77;84;70;81;
894ec62c-c9e5-47b7-aee1-42bbfadc0c46;71;90;83;106;84;
5789faa5-a594-40d4-b865-5e63fa9332ab;91;70;111;135;83;
0e4aa0c6-3f79-4138-bfe1-e65687c66477;109;66;104;74;85;
0dd823e6-fe91-4cef-91fc-600e6cdbfea5;76;66;89;78;104;
0df53a14-4491-4258-ab16-9c9e9aba1b23;63;80;66;62;111;
bd2a951f-e70a-419d-ae5a-a3c8a0b4be04;114;108;89;98;76;
cb954b6c-9f17-4764-a432-3e40eb99c32e;90;80;41;57;85;
206da9f0-5eed-4a70-8761-068e90722b3f;91;104;8;74;100;
da569896-b8cd-42cf-804b-4c80f720980d;69;74;122;74;100;
442e507a-68bc-43db-891f-9a2a339c3419;79;92;51;61;67;
451f657e-fa57-44e4-8407-56f13e571f48;77;82;58;86;76;
1e57dc77-d793-4341-94f0-633fa9eeb702;85;75;117;89;97;
75b148dc-8f95-4493-96f4-5c2a045909ae;68;81;65;75;65;
1ff01577-d27a-40d0-8edb-a74aafca1e1f;72;68;109;99;85;
e81c2e5f-2168-42a3-a12e-5e1ef1d82b28;65;66;63;59;100;
bbc76428-f7bc-48cb-b316-1d03dd2c53b7;96;90;81;75;33;
857a3449-426f-4c08-a427-11b03826d515;129;67;94;73;120;
39fbc9d7-32b6-4000-bbff-c1bc33faa0ac;80;89;62;66;101;
15b73c19-d324-47af-894a-cf6a041eaff0;30;60;82;97;88;
87d7c07b-cdec-409a-9ebe-da04330c5980;79;39;73;85;82;
9132181d-076d-4803-9e29-ba9c60e12f28;94;99;119;108;112;
db12a8fc-eed8-4c34-bacf-cbbc5abfb952;79;107;73;147;121;
981f7c72-4881-4abf-8f85-f50b1ae9c18f;106;73;76;75;97;
c9002676-c66f-4ba6-9414-7761f4d3aeae;94;93;120;84;126;
e7dea407-7b9a-4ab1-9bfb-c29528b85a58;108;107;107;80;89;
4f5c3f06-8f32-49a3-9b0f-cdccf1bd3dea;78;83;49;61;68;
08509b9f-9392-41f4-8752-1a7786a6bd95;61;102;107;99;88;
13f7e75b-1ec9-4819-a2a3-8f5acf900935;79;55;65;100;108;
f5663120-3c2e-4f8a-9423-27c07e01a3d8;78;101;94;90;81;
67f0cd90-ad51-46b5-a024-37ae0f6edefe;87;97;82;90;59;
aa10c6f2-8564-48f4-9631-7f480496acaf;86;103;103;66;124;
d20854a4-7f83-4c74-82ee-f5411d9f83dc;74;79;85;106;88;
9f37b413-676d-4629-91f4-9111ab16e190;84;88;72;98;87;
6b2dd4e0-d43f-4a73-b37c-0c6ec907fe0a;106;61;86;53;61;
291db830-aa56-40ff-8ebb-0274c7eabd68;76;67;102;79;120;
70a4b62e-c0e6-4a7c-8452-71310d902116;81;102;87;106;79;
6da5f8be-a864-4b98-92b6-e3f4a5f82c52;81;106;69;63;102;
7e96f64b-c2f9-4f8d-aa6c-a2b4d5271e9b;92;95;80;82;103;
86d8a70e-ee5d-40ed-a1e7-865acf2504e8;78;103;107;99;87;
b68015f9-729f-45ee-aa38-3ef3390a7afb;82;115;119;94;117;
635c57e2-f414-4d99-a47d-e3a24fd1d003;51;98;108;91;109;
68f8506e-f209-4614-b20d-ae323912c5a0;114;120;93;99;91;
fd7ef9fb-03aa-486c-b550-4b80972659c6;61;108;109;102;66;
bfd4a6b9-4f57-4003-9d49-5b09e4c6b371;137;70;86;97;28;
17003e25-df71-49de-b09d-55347cd9bf8b;48;65;23;88;96;
3fb976cd-7e6d-4189-a0fe-778d9f71b8af;90;65;55;74;50;
6185ed00-e5bf-42e6-aa6e-7977efeae92a;86;61;92;84;110;
9c96c7b4-bfbc-4989-9ca4-5bc732805663;119;71;133;81;114;
5352a72b-8129-465e-a9f8-b9970608dbcf;62;83;99;104;80;
93e0b7e0-655c-44c5-b769-f2e9e5ab1052;76;107;83;87;81;
35a26442-8334-4796-9726-01bcbc49b08d;101;89;81;79;111;
7b0641ee-28ad-4ea4-be2b-3e995034894a;110;51;69;86;102;
3fd011f9-c63e-499e-a19c-1d28f0249b10;95;84;91;142;98;
e95698d4-67ae-461f-9bbb-8604f837d1da;115;105;98;73;68;
528f703e-4bb6-4a0c-8273-ba64f2d1c7a9;93;130;105;116;113;
046555fb-9c13-41b4-a9ac-10046afaa44d;93;73;91;69;97;
c0af826d-57d4-48e3-ac71-25fef7d8de42;108;90;75;114;96;
dcde429a-a00a-4213-b101-547c5361c490;82;75;95;74;135;
eadf65cd-93d8-461f-9170-8364e1cc4fe4;138;74;79;94;127;
a63ce876-9be7-4403-beb3-87ff9026e46b;83;85;74;102;83;
507dce89-7728-43d6-ab15-c1c39b94283a;105;107;93;87;87;
562925e0-cfdd-4b7b-869b-9f0052f00276;101;60;75;66;75;
64fc7695-183a-4ca8-8f3e-467ac96186d7;66;93;110;72;108;
b5c8d793-15b2-4271-a223-e5d80e366f04;129;126;94;69;96;
8ed45314-ca1b-42b0-885b-29f508ef79bb;102;100;104;104;113;
fac952a6-93af-4f98-a5df-9a927bb59f84;104;79;98;89;83;
9c2a01e4-6064-4b10-ac98-352a32863320;69;113;75;139;108;
d0b3fea6-da3c-4f66-988f-7e5ebdf2aa73;71;89;103;107;76;
02f6774f-9c9b-424f-b863-0c670669e24e;74;58;70;99;110;
db13e0fb-fafc-4f4e-93a5-63ffb8e6aca3;102;104;115;69;87;
0563cd38-54bf-43e7-8c66-b82797e93b3e;71;77;89;127;98;
c9522dc9-6a6b-4d9e-966f-2d141d1744c5;98;70;72;97;121;
af071fc7-625e-44ef-9da7-07688461977e;118;103;78;62;81;
d62cf0f8-e0c6-4586-8806-e5582fe099a3;76;93;104;69;85;
e4d8297a-9a79-4a94-8587-ce77408dc61b;67;105;77;97;90;
b3215053-ff3a-4598-846b-b125ec8a624e;112;79;81;104;105;
0a9f693d-0600-431d-be94-600c79481ffd;71;109;84;96;112;
573066c4-2bef-4412-87bc-75d35f36d255;85;89;117;101;65;
a30cbcd7-cb69-48d8-8b47-6ac643516856;97;77;109;111;116;
9eb74dce-23ae-4d0e-8adc-40e44c3dd0ce;72;76;88;100;106;
87683bda-10ef-4ce2-b081-f613c788e216;73;76;107;89;106;
d9fdd607-0ebf-4cac-87ec-90dd317138a6;64;93;111;42;100;
5a9eedea-f6c6-43e6-9a5a-8aee8701642c;117;42;86;76;66;
bd611a57-ed04-46a2-ae7d-8a84a941b46b;118;108;70;88;101;
456c3ca1-7297-4c77-95c5-3ea09354b1c5;111;92;105;88;144;
909194a9-df71-465b-ac8c-1596391330fe;131;72;92;99;110;
880df53b-36b1-4600-a8b7-d7e42ad46cb2;94;107;108;88;113;
477839f0-c6a3-44c7-89f6-e06f12248797;93;77;91;97;103;
d87facfb-362f-406e-81ad-ee41b7bbcbd1;93;68;74;86;77;
c11b4189-fcc8-47cf-991c-444649cacda9;78;73;110;97;102;
50c432c5-e628-4127-956c-a4b3b86ac6e1;78;76;62;100;81;
89f36ef4-9286-452f-8c1a-da126596e6ef;96;91;83;77;86;
f17333e6-1c2f-44da-a6d1-7e19da33b44b;72;121;99;87;69;
4277b2a6-dd59-4938-b5f0-0a45291efe89;93;82;62;111;121;
fcb4ba58-a99b-41c3-84c8-15ff47c5fe69;106;98;58;104;98;
2e0b7172-c1d7-420b-806f-adf52b64fc1e;65;74;81;88;108;
dac333ef-bd82-424e-8b1d-c6d6e3e6adc0;67;112;94;58;88;
30cc476b-58fe-461c-ac64-984174ca0287;77;78;94;69;76;
78f786d4-8476-4618-bb2a-bd277682be23;101;95;108;108;103;
0fc7eb82-4fa4-4896-8341-064d5f6a2de7;95;100;108;110;87;
89d298db-5001-4b6c-bf05-64f634027e48;62;69;73;109;100;
d4c8acf5-b61a-4364-81f7-8b65e3f99eb9;109;95;80;47;105;
74d04b2e-3433-4837-ab90-c7c39bb75d93;111;98;118;95;91;
ee0cbc36-936c-44e2-92aa-2f92f63e04a6;113;90;94;108;149;
0fb847b2-1ea9-4b31-a5a1-d2058d02f36e;92;97;104;32;110;
e1ead8c7-db19-49b2-bc60-1cccb9f78393;83;50;95;75;91;
6ff4104b-14e0-4e9a-b3ed-b7d2884cba08;59;104;127;79;83;
a334e8b2-fa0f-4b07-bb4e-c269001a60f3;86;80;86;85;38;
ebb5a2b3-c50e-44a8-af7e-73fd10f59f91;80;95;77;75;112;
7bd170b6-cddf-469e-8757-b69181378edc;110;92;60;70;112;
c49d57b1-bec1-442b-93da-c5aa0b6926e3;111;53;87;92;76;
7e39f97e-ea68-424d-8de0-ab57186128af;95;45;87;105;132;
882d594c-99cf-47fe-ae8a-7911e70f4f59;41;63;90;93;100;
7e2ae9d9-0e3a-4e4c-b29f-426abf72974e;79;111;102;77;64;
4d046700-fc78-489c-a393-c1b3decb974a;67;64;86;82;93;
8274206c-3b5f-4ec5-a95e-3f5b3f48e281;110;67;77;101;93;
17b28aac-daaa-4580-a3e4-9286c90c872b;64;87;77;77;105;
6ce38942-f8fd-4344-a709-d4dffeed4a05;92;80;96;82;114;
7d2b460b-398e-4468-8c56-94632ad37f4a;94;83;51;121;92;
0928f8cb-33bf-4559-b168-7ec4c18c4287;87;106;102;98;41;
2dff0ba5-a05b-4f83-9cd1-7c2b324f8216;90;52;78;69;95;
954a1e11-3be8-489b-b009-fc6d6c04de15;70;88;90;85;110;
fbb79af8-9eb6-4dcf-918e-005fc07437c8;109;69;77;106;110;
78cdab34-092f-4c03-b8ee-56a470def60e;105;106;122;146;100;
8f7e02d7-bc5b-4780-8eff-9b5e18fd7a43;91;94;96;104;102;
a0e9ae31-3cb8-4bb7-a3ad-a80555c5b317;61;98;68;101;125;
d49f1262-10dd-43a2-85e5-faf3cf4432c7;100;75;109;108;98;
8622c174-581c-4d92-af9c-ebef0691ead4;113;113;90;92;71;
aaad7753-9182-46ea-932f-27686cff91d5;86;72;70;84;101;
0a32459d-333c-455d-8ad7-45dc0eec3f45;82;128;93;98;121;
8c5ea3c8-5d8c-4c84-af7e-0dfd9a386fe2;123;126;96;121;107;
f340111b-045f-4a35-9d67-f0a68cda05dc;82;90;97;121;148;
20635aac-8f26-4f41-ba18-705d565847d7;108;112;74;102;105;
07c13c23-9ba1-4497-871e-26d15203a4d6;94;116;94;81;90;
89bb45bf-7bf2-4817-937e-a43b3fdfca88;60;66;92;103;93;
7d00fba4-6be8-4cbe-bbca-ee1a851026f1;68;84;128;109;99;
4a31de84-116f-4cbb-9d29-820e2039ed43;70;68;82;54;93;
814e1591-0a48-4f36-9d28-b5a53a5389a4;57;71;85;96;100;
e7b685f6-96fa-45df-bd52-bd440ca3958a;92;95;70;82;91;
39b5494e-62dc-42f4-97d5-be9f95eb6405;85;82;106;55;97;
2474be08-46ed-43cb-a453-d565811a131f;103;73;97;118;121;
e8ccb09a-5e91-487c-b9b6-65559f86471a;92;70;82;66;95;
3420802d-111a-437a-bc18-47e64814e086;95;75;59;86;49;
51ce0306-4660-4f7c-9b8c-c3806a3fa0d0;81;86;96;111;71;
c1166abc-8029-4f36-8aa0-fbee20c43eb8;107;79;67;50;118;
6f11cf2e-cd01-48f7-9153-451953ac7d11;78;123;43;86;105;
0c3dcf62-ec4a-4517-8b30-8993291cd75d;131;106;114;52;92;
7dfd7285-7648-4c7f-8124-cfbfe189399a;61;53;72;78;92;
210f6824-f79d-4af1-8fe4-8ffff776126e;86;71;65;107;128;
de562b90-027c-4cda-a200-59326e77025c;113;54;93;22;96;
c1419d53-b978-4909-8314-653ae7f09cf7;114;97;109;98;108;
16dfa857-dfd7-4009-9f2b-4c08395845f6;64;70;37;71;89;
19933c5d-94ea-4695-8041-843711a0a593;84;91;82;65;87;
78194772-bc27-4df7-9e50-625d0267fc3c;90;84;84;44;92;
d85769ab-b731-475d-935d-6640d7bc42e6;76;76;42;53;84;
f8a97617-21c0-4456-91b7-e38c19d41fb6;60;71;94;71;88;
508b199f-bab1-4a94-8764-c253e8f24aed;85;97;56;68;102;
cbf3d17d-706c-43cb-8a2e-8be191fe2cd4;81;69;105;74;80;
efd3f347-9503-4374-9b2f-b0ce88236b32;98;57;102;138;93;
2d430517-347f-4485-8c43-f1cd63b37d74;116;88;53;93;105;
c71fb71a-d745-40f3-b4da-30d589c1913f;104;72;92;82;98;
17951242-ed99-474c-8d1d-f690eef38bbe;91;85;85;83;120;
395f718b-1972-41cc-907d-6da04e25128d;76;97;68;88;109;
d16fda48-5055-4986-89f5-51584da87fad;70;51;89;110;85;
ca458760-5aa8-49ea-b557-24a77b725f68;92;77;69;103;88;
fd209f91-b458-4fc3-9083-3bf77c2ef4ad;89;100;107;82;97;
c95637a8-bd3d-44b9-aff4-48b90cb9c661;78;77;97;39;88;
d8568354-d9e4-4dec-bc12-83199c1d1c15;77;113;98;105;100;
3e394783-3584-4e50-bad3-41ef5b9abbee;26;68;93;81;80;
bf9d055e-6956-41a1-97fd-fb3562bea183;107;127;121;131;101;
fb7e6d5c-432f-4ab4-bc3c-5aa81bf7c63f;63;98;97;73;157;
5eb0f447-f37c-4097-9725-95bb09c450b8;60;82;67;88;119;
d13f8af0-f2a9-46dd-8962-7529841a73f6;76;47;74;104;145;
034a3022-c0bf-4934-a407-302e2c73b44a;78;114;79;94;109;
addf8e5b-d847-4a62-8d40-d4e2924150f9;63;73;83;88;124;
ef67065d-73f9-480c-9c3c-9c535449377f;80;124;70;122;75;
8a05c080-d79e-494c-95da-ed80be303e7a;67;88;107;117;109;
789f0f21-3255-45ea-a10c-17e997014172;109;78;97;92;67;
310b0090-70d3-4f37-9de4-616f4a2e4226;102;89;77;67;88;
bd326275-df96-4611-9a45-a45813bcb5b1;64;81;117;77;93;
ba498209-d47c-4447-be8f-d76f156de2f3;71;86;70;107;121;
2cf3d931-39c5-4f23-8d0b-90c0d85dc1cd;92;83;88;91;91;
6346aa6d-5882-49f8-8d88-5d19e8c39262;79;98;65;89;81;
0b6b2ddf-b948-4be2-850f-1049608cd4f9;66;64;67;87;90;
79d84c32-e1cf-4761-b923-348e28efdc0c;105;81;82;93;78;
8e8e21a5-49ae-4516-b4de-cdd0b36b9100;106;54;75;142;100;
bf05aa15-b7d3-4011-83bc-dda3809a5494;52;56;90;45;97;
ce128e66-14b1-47ad-b5a9-bd71338ce936;82;82;96;62;107;
afea295a-fe7d-4428-850a-9f0a6d5c142d;91;54;93;79;85;
7abd48f1-d892-4f1a-b0fd-c921674fcb7b;95;105;105;125;103;
27cd728d-295c-4420-befc-15b7ad9a8eaa;95;84;95;100;118;
6f441a5b-3809-45ad-aa96-cfee295dfbc9;99;86;97;119;103;
03439c3d-a9ad-414e-8c6a-b09a7b703157;94;70;106;88;99;
11e55483-809a-4409-a087-e85fc28a1fc9;55;98;41;87;57;
